2026-09-08T22:03:09.5706276Z Current runner version: '2.337.0'
2026-09-08T22:03:09.5722135Z ##[group]Runner Image Provisioner
2026-09-08T22:03:09.5723033Z Hosted Compute Agent
2026-09-08T22:03:09.5723487Z Version: 20260828.587
2026-09-08T22:03:09.5723925Z Commit: abac92662cab4cc7352de4f9f9d2e2419aad9c29
2026-09-08T22:03:09.5724419Z Build Date: 2026-08-28T16:44:25Z
2026-09-08T22:03:09.5724910Z Worker ID: {673b91bf-647f-4e78-89ec-bbef937979d5}
2026-09-08T22:03:09.5725412Z Azure Region: centralus
2026-09-08T22:03:09.5725827Z ##[endgroup]
2026-09-08T22:03:09.5726782Z ##[group]Operating System
2026-09-08T22:03:09.5727218Z Ubuntu
2026-09-08T22:03:09.5727579Z 24.04.4
2026-09-08T22:03:09.5727924Z LTS
2026-09-08T22:03:09.5728282Z ##[endgroup]
2026-09-08T22:03:09.5728654Z ##[group]Runner Image
2026-09-08T22:03:09.5729043Z Image: ubuntu-24.04
2026-09-08T22:03:09.5729457Z Version: 20260831.293.1
2026-09-08T22:03:09.5730344Z Included Software: https://github.com/actions/runner-images/blob/ubuntu24/20260831.293/images/ubuntu/Ubuntu2404-Readme.md
2026-09-08T22:03:09.5731432Z Image Release: https://github.com/actions/runner-images/releases/tag/ubuntu24%2F20260831.293
2026-09-08T22:03:09.5732362Z ##[endgroup]
2026-09-08T22:03:09.5733155Z ##[group]GITHUB_TOKEN Permissions
2026-09-08T22:03:09.5734652Z Contents: read
2026-09-08T22:03:09.5735052Z Metadata: read
2026-09-08T22:03:09.5735447Z ##[endgroup]
2026-09-08T22:03:09.5736794Z Secret source: Actions
2026-09-08T22:03:09.5737469Z Prepare workflow directory
2026-09-08T22:03:09.6005688Z Prepare all required actions
2026-09-08T22:03:09.6041993Z Getting action download info
2026-09-08T22:03:09.8646520Z Download action repository 'actions/checkout@3d3c42e5aac5ba805825da76410c181273ba90b1' (SHA:3d3c42e5aac5ba805825da76410c181273ba90b1)
2026-09-08T22:03:09.9405754Z Download action repository 'astral-sh/setup-uv@c771a70e6277c0a99b617c7a806ffedaca235ff9' (SHA:c771a70e6277c0a99b617c7a806ffedaca235ff9)
2026-09-08T22:03:10.4698830Z Download action repository 'actions/cache@0400d5f644dc74513175e3cd8d07132dd4860809' (SHA:0400d5f644dc74513175e3cd8d07132dd4860809)
2026-09-08T22:03:10.6514233Z Complete job name: font-loading (webkit)
2026-09-08T22:03:10.7026252Z ##[group]Run actions/checkout@3d3c42e5aac5ba805825da76410c181273ba90b1
2026-09-08T22:03:10.7027042Z with:
2026-09-08T22:03:10.7027508Z   submodules: true
2026-09-08T22:03:10.7027933Z   persist-credentials: false
2026-09-08T22:03:10.7028383Z   repository: jlevy/squares
2026-09-08T22:03:10.7031791Z   token: ***
2026-09-08T22:03:10.7032229Z   ssh-strict: true
2026-09-08T22:03:10.7032727Z   ssh-user: git
2026-09-08T22:03:10.7033120Z   clean: true
2026-09-08T22:03:10.7033522Z   sparse-checkout-cone-mode: true
2026-09-08T22:03:10.7034020Z   fetch-depth: 1
2026-09-08T22:03:10.7034411Z   fetch-tags: false
2026-09-08T22:03:10.7034875Z   show-progress: true
2026-09-08T22:03:10.7035286Z   lfs: false
2026-09-08T22:03:10.7035675Z   set-safe-directory: true
2026-09-08T22:03:10.7036153Z   allow-unsafe-pr-checkout: false
2026-09-08T22:03:10.7036766Z ##[endgroup]
2026-09-08T22:03:10.7724972Z Syncing repository: jlevy/squares
2026-09-08T22:03:10.7726397Z ##[group]Getting Git version info
2026-09-08T22:03:10.7727094Z Working directory is '/home/runner/work/squares/squares'
2026-09-08T22:03:10.7727981Z [command]/usr/bin/git version
2026-09-08T22:03:10.8404997Z git version 2.55.0
2026-09-08T22:03:10.8417582Z ##[endgroup]
2026-09-08T22:03:10.8424676Z Temporarily overriding HOME='/home/runner/work/_temp/97bfdf60-ce32-4c93-9bb1-b99145b579fe' before making global git config changes
2026-09-08T22:03:10.8426018Z Adding repository directory to the temporary git global config as a safe directory
2026-09-08T22:03:10.8428075Z [command]/usr/bin/git config --global --add safe.directory /home/runner/work/squares/squares
2026-09-08T22:03:10.8464363Z Deleting the contents of '/home/runner/work/squares/squares'
2026-09-08T22:03:10.8466781Z ##[group]Determining repository object format
2026-09-08T22:03:10.8467849Z ##[endgroup]
2026-09-08T22:03:10.8468498Z ##[group]Initializing the repository
2026-09-08T22:03:10.8470396Z [command]/usr/bin/git init /home/runner/work/squares/squares
2026-09-08T22:03:10.8564586Z hint: Using 'master' as the name for the initial branch. This default branch name
2026-09-08T22:03:10.8565889Z hint: will change to "main" in Git 3.0. To configure the initial branch name
2026-09-08T22:03:10.8566841Z hint: to use in all of your new repositories, which will suppress this warning,
2026-09-08T22:03:10.8567640Z hint: call:
2026-09-08T22:03:10.8568041Z hint:
2026-09-08T22:03:10.8568502Z hint: 	git config --global init.defaultBranch <name>
2026-09-08T22:03:10.8569238Z hint:
2026-09-08T22:03:10.8569821Z hint: Names commonly chosen instead of 'master' are 'main', 'trunk' and
2026-09-08T22:03:10.8570861Z hint: 'development'. The just-created branch can be renamed via this command:
2026-09-08T22:03:10.8571721Z hint:
2026-09-08T22:03:10.8572251Z hint: 	git branch -m <name>
2026-09-08T22:03:10.8572782Z hint:
2026-09-08T22:03:10.8573381Z hint: Disable this message with "git config set advice.defaultBranchName false"
2026-09-08T22:03:10.8574216Z Initialized empty Git repository in /home/runner/work/squares/squares/.git/
2026-09-08T22:03:10.8576060Z [command]/usr/bin/git remote add origin https://github.com/jlevy/squares
2026-09-08T22:03:10.8776442Z ##[endgroup]
2026-09-08T22:03:10.8777161Z ##[group]Disabling automatic garbage collection
2026-09-08T22:03:10.8778233Z [command]/usr/bin/git config --local gc.auto 0
2026-09-08T22:03:10.8797658Z ##[endgroup]
2026-09-08T22:03:10.8798362Z ##[group]Setting up auth
2026-09-08T22:03:10.8798856Z Removing SSH command configuration
2026-09-08T22:03:10.8801078Z [command]/usr/bin/git config --local --name-only --get-regexp core\.sshCommand
2026-09-08T22:03:10.8822517Z [command]/usr/bin/git submodule foreach --recursive sh -c "git config --local --name-only --get-regexp 'core\.sshCommand' && git config --local --unset-all 'core.sshCommand' || :"
2026-09-08T22:03:11.1097897Z Removing HTTP extra header
2026-09-08T22:03:11.1102804Z [command]/usr/bin/git config --local --name-only --get-regexp http\.https\:\/\/github\.com\/\.extraheader
2026-09-08T22:03:11.1125205Z [command]/usr/bin/git submodule foreach --recursive sh -c "git config --local --name-only --get-regexp 'http\.https\:\/\/github\.com\/\.extraheader' && git config --local --unset-all 'http.https://github.com/.extraheader' || :"
2026-09-08T22:03:11.1263416Z Removing includeIf entries pointing to credentials config files
2026-09-08T22:03:11.1266669Z [command]/usr/bin/git config --local --name-only --get-regexp ^includeIf\.gitdir:
2026-09-08T22:03:11.1289985Z [command]/usr/bin/git submodule foreach --recursive git config --local --show-origin --name-only --get-regexp remote.origin.url
2026-09-08T22:03:11.1432526Z [command]/usr/bin/git config --file /home/runner/work/_temp/git-credentials-0bf0613a-b376-44d5-b814-adf6dc0d4795.config http.https://github.com/.extraheader AUTHORIZATION: basic ***
2026-09-08T22:03:11.1456333Z [command]/usr/bin/git config --local includeIf.gitdir:/home/runner/work/squares/squares/.git.path /home/runner/work/_temp/git-credentials-0bf0613a-b376-44d5-b814-adf6dc0d4795.config
2026-09-08T22:03:11.1475484Z [command]/usr/bin/git config --local includeIf.gitdir:/home/runner/work/squares/squares/.git/worktrees/*.path /home/runner/work/_temp/git-credentials-0bf0613a-b376-44d5-b814-adf6dc0d4795.config
2026-09-08T22:03:11.1497137Z [command]/usr/bin/git config --local includeIf.gitdir:/github/workspace/.git.path /github/runner_temp/git-credentials-0bf0613a-b376-44d5-b814-adf6dc0d4795.config
2026-09-08T22:03:11.1518781Z [command]/usr/bin/git config --local includeIf.gitdir:/github/workspace/.git/worktrees/*.path /github/runner_temp/git-credentials-0bf0613a-b376-44d5-b814-adf6dc0d4795.config
2026-09-08T22:03:11.1535968Z ##[endgroup]
2026-09-08T22:03:11.1537001Z ##[group]Fetching the repository
2026-09-08T22:03:11.1541228Z [command]/usr/bin/git -c protocol.version=2 fetch --no-tags --prune --no-recurse-submodules --depth=1 origin +7ef80525b35a8e77e00b460a7e08f1489134d0cc:refs/remotes/origin/main
2026-09-08T22:03:15.2901434Z From https://github.com/jlevy/squares
2026-09-08T22:03:15.2902988Z  * [new ref]         7ef80525b35a8e77e00b460a7e08f1489134d0cc -> origin/main
2026-09-08T22:03:15.2911977Z [command]/usr/bin/git branch --list --remote origin/main
2026-09-08T22:03:15.2935760Z   origin/main
2026-09-08T22:03:15.2942945Z [command]/usr/bin/git rev-parse refs/remotes/origin/main
2026-09-08T22:03:15.2963262Z 7ef80525b35a8e77e00b460a7e08f1489134d0cc
2026-09-08T22:03:15.2965790Z ##[endgroup]
2026-09-08T22:03:15.2966411Z ##[group]Determining the checkout info
2026-09-08T22:03:15.2966956Z ##[endgroup]
2026-09-08T22:03:15.2968663Z [command]/usr/bin/git sparse-checkout disable
2026-09-08T22:03:15.3035151Z [command]/usr/bin/git config --local --unset-all extensions.worktreeConfig
2026-09-08T22:03:15.3055951Z ##[group]Checking out the ref
2026-09-08T22:03:15.3059331Z [command]/usr/bin/git checkout --progress --force -B main refs/remotes/origin/main
2026-09-08T22:03:15.9721851Z Switched to a new branch 'main'
2026-09-08T22:03:15.9725147Z branch 'main' set up to track 'origin/main'.
2026-09-08T22:03:15.9747039Z ##[endgroup]
2026-09-08T22:03:15.9747559Z ##[group]Setting up auth for fetching submodules
2026-09-08T22:03:15.9754676Z [command]/usr/bin/git config --file /home/runner/work/_temp/git-credentials-0bf0613a-b376-44d5-b814-adf6dc0d4795.config http.https://github.com/.extraheader AUTHORIZATION: basic ***
2026-09-08T22:03:15.9790867Z [command]/usr/bin/git config --global include.path /home/runner/work/_temp/git-credentials-0bf0613a-b376-44d5-b814-adf6dc0d4795.config
2026-09-08T22:03:15.9817319Z [command]/usr/bin/git config --global --unset-all url.https://github.com/.insteadOf
2026-09-08T22:03:15.9843687Z [command]/usr/bin/git config --global --add url.https://github.com/.insteadOf git@github.com:
2026-09-08T22:03:15.9868499Z [command]/usr/bin/git config --global --add url.https://github.com/.insteadOf org-2058167@github.com:
2026-09-08T22:03:15.9887546Z ##[endgroup]
2026-09-08T22:03:15.9888306Z ##[group]Fetching submodules
2026-09-08T22:03:15.9890530Z [command]/usr/bin/git submodule sync
2026-09-08T22:03:16.0058426Z [command]/usr/bin/git -c protocol.version=2 submodule update --init --force --depth=1
2026-09-08T22:03:16.0217250Z Submodule 'vendor/kpress' (https://github.com/jlevy/kpress) registered for path 'vendor/kpress'
2026-09-08T22:03:16.0236943Z Cloning into '/home/runner/work/squares/squares/vendor/kpress'...
2026-09-08T22:03:17.7847073Z Submodule path 'vendor/kpress': checked out '4a868bb769eab4612748fe94a4e75b8eaa2b6112'
2026-09-08T22:03:17.7857320Z [command]/usr/bin/git submodule foreach git config --local gc.auto 0
2026-09-08T22:03:17.8009743Z Entering 'vendor/kpress'
2026-09-08T22:03:17.8326928Z ##[endgroup]
2026-09-08T22:03:17.8763254Z [command]/usr/bin/git log -1 --format=%H
2026-09-08T22:03:17.8773168Z 7ef80525b35a8e77e00b460a7e08f1489134d0cc
2026-09-08T22:03:17.8779381Z ##[group]Removing auth
2026-09-08T22:03:17.8779923Z Removing SSH command configuration
2026-09-08T22:03:17.8783101Z [command]/usr/bin/git config --local --name-only --get-regexp core\.sshCommand
2026-09-08T22:03:17.8812754Z [command]/usr/bin/git submodule foreach --recursive sh -c "git config --local --name-only --get-regexp 'core\.sshCommand' && git config --local --unset-all 'core.sshCommand' || :"
2026-09-08T22:03:17.8968017Z Entering 'vendor/kpress'
2026-09-08T22:03:17.8997684Z Removing HTTP extra header
2026-09-08T22:03:17.9000826Z [command]/usr/bin/git config --local --name-only --get-regexp http\.https\:\/\/github\.com\/\.extraheader
2026-09-08T22:03:17.9020355Z [command]/usr/bin/git submodule foreach --recursive sh -c "git config --local --name-only --get-regexp 'http\.https\:\/\/github\.com\/\.extraheader' && git config --local --unset-all 'http.https://github.com/.extraheader' || :"
2026-09-08T22:03:17.9160160Z Entering 'vendor/kpress'
2026-09-08T22:03:17.9194224Z Removing includeIf entries pointing to credentials config files
2026-09-08T22:03:17.9196687Z [command]/usr/bin/git config --local --name-only --get-regexp ^includeIf\.gitdir:
2026-09-08T22:03:17.9266137Z includeif.gitdir:/home/runner/work/squares/squares/.git.path
2026-09-08T22:03:17.9267328Z includeif.gitdir:/home/runner/work/squares/squares/.git/worktrees/*.path
2026-09-08T22:03:17.9267766Z includeif.gitdir:/github/workspace/.git.path
2026-09-08T22:03:17.9268229Z includeif.gitdir:/github/workspace/.git/worktrees/*.path
2026-09-08T22:03:17.9272289Z [command]/usr/bin/git config --local --get-all includeif.gitdir:/home/runner/work/squares/squares/.git.path
2026-09-08T22:03:17.9288365Z /home/runner/work/_temp/git-credentials-0bf0613a-b376-44d5-b814-adf6dc0d4795.config
2026-09-08T22:03:17.9294581Z [command]/usr/bin/git config --local --unset includeif.gitdir:/home/runner/work/squares/squares/.git.path \/home\/runner\/work\/_temp\/git\-credentials\-0bf0613a\-b376\-44d5\-b814\-adf6dc0d4795\.config
2026-09-08T22:03:17.9444737Z [command]/usr/bin/git config --local --get-all includeif.gitdir:/home/runner/work/squares/squares/.git/worktrees/*.path
2026-09-08T22:03:17.9460013Z /home/runner/work/_temp/git-credentials-0bf0613a-b376-44d5-b814-adf6dc0d4795.config
2026-09-08T22:03:17.9465551Z [command]/usr/bin/git config --local --unset includeif.gitdir:/home/runner/work/squares/squares/.git/worktrees/*.path \/home\/runner\/work\/_temp\/git\-credentials\-0bf0613a\-b376\-44d5\-b814\-adf6dc0d4795\.config
2026-09-08T22:03:17.9522250Z [command]/usr/bin/git config --local --get-all includeif.gitdir:/github/workspace/.git.path
2026-09-08T22:03:17.9537777Z /github/runner_temp/git-credentials-0bf0613a-b376-44d5-b814-adf6dc0d4795.config
2026-09-08T22:03:17.9542109Z [command]/usr/bin/git config --local --unset includeif.gitdir:/github/workspace/.git.path \/github\/runner_temp\/git\-credentials\-0bf0613a\-b376\-44d5\-b814\-adf6dc0d4795\.config
2026-09-08T22:03:17.9621689Z [command]/usr/bin/git config --local --get-all includeif.gitdir:/github/workspace/.git/worktrees/*.path
2026-09-08T22:03:17.9637048Z /github/runner_temp/git-credentials-0bf0613a-b376-44d5-b814-adf6dc0d4795.config
2026-09-08T22:03:17.9642385Z [command]/usr/bin/git config --local --unset includeif.gitdir:/github/workspace/.git/worktrees/*.path \/github\/runner_temp\/git\-credentials\-0bf0613a\-b376\-44d5\-b814\-adf6dc0d4795\.config
2026-09-08T22:03:17.9724692Z [command]/usr/bin/git submodule foreach --recursive git config --local --show-origin --name-only --get-regexp remote.origin.url
2026-09-08T22:03:17.9861992Z Entering 'vendor/kpress'
2026-09-08T22:03:18.0007745Z file:/home/runner/work/squares/squares/.git/modules/vendor/kpress/config	remote.origin.url
2026-09-08T22:03:18.0027142Z [command]/usr/bin/git config --file /home/runner/work/squares/squares/.git/modules/vendor/kpress/config --name-only --get-regexp ^includeIf\.gitdir:
2026-09-08T22:03:18.0043646Z Removing credentials config '/home/runner/work/_temp/git-credentials-0bf0613a-b376-44d5-b814-adf6dc0d4795.config'
2026-09-08T22:03:18.0049460Z ##[endgroup]
2026-09-08T22:03:18.0237565Z ##[group]Run astral-sh/setup-uv@c771a70e6277c0a99b617c7a806ffedaca235ff9
2026-09-08T22:03:18.0237932Z with:
2026-09-08T22:03:18.0238168Z   version: 0.12.8
2026-09-08T22:03:18.0238418Z   python-version: 3.14.7
2026-09-08T22:03:18.0238701Z   working-directory: packing
2026-09-08T22:03:18.0238942Z   enable-cache: true
2026-09-08T22:03:18.0239210Z   cache-dependency-glob: uv.lock
2026-09-08T22:03:18.0239516Z   activate-environment: false
2026-09-08T22:03:18.0239781Z   no-project: false
2026-09-08T22:03:18.0242108Z   github-token: ***
2026-09-08T22:03:18.0242376Z   restore-cache: true
2026-09-08T22:03:18.0242642Z   save-cache: true
2026-09-08T22:03:18.0242911Z   prune-cache: false
2026-09-08T22:03:18.0243152Z   cache-python: false
2026-09-08T22:03:18.0243415Z   ignore-nothing-to-cache: false
2026-09-08T22:03:18.0243673Z   ignore-empty-workdir: false
2026-09-08T22:03:18.0243967Z   download-from-astral-mirror: true
2026-09-08T22:03:18.0244243Z   add-problem-matchers: true
2026-09-08T22:03:18.0244595Z   quiet: false
2026-09-08T22:03:18.0244850Z   resolution-strategy: highest
2026-09-08T22:03:18.0245104Z ##[endgroup]
2026-09-08T22:03:18.1436088Z Fetching manifest data from https://raw.githubusercontent.com/astral-sh/versions/main/v1/uv.ndjson ...
2026-09-08T22:03:18.2181133Z Downloading uv from "https://releases.astral.sh/github/uv/releases/download/0.12.8/uv-x86_64-unknown-linux-gnu.tar.gz" ...
2026-09-08T22:03:18.4680770Z [command]/usr/bin/tar xz --warning=no-unknown-keyword --overwrite -C /home/runner/work/_temp/0d41424c-49e7-491d-be95-5a441ab1397b -f /home/runner/work/_temp/e0a39ecf-a8d4-41fe-8da3-4b4433d7cc1a
2026-09-08T22:03:19.0392577Z Added /home/runner/.local/bin to the path
2026-09-08T22:03:19.0393086Z Added /opt/hostedtoolcache/uv/0.12.8/x86_64 to the path
2026-09-08T22:03:19.0393686Z Set UV_PYTHON_INSTALL_DIR to /home/runner/work/_temp/uv-python-dir
2026-09-08T22:03:19.0394137Z Added /home/runner/work/_temp/uv-python-dir to the path
2026-09-08T22:03:19.0394569Z Set UV_PYTHON to 3.14.7
2026-09-08T22:03:19.0867996Z Set UV_CACHE_DIR to /home/runner/work/_temp/setup-uv-cache
2026-09-08T22:03:19.0868341Z Successfully installed uv version 0.12.8
2026-09-08T22:03:19.0868905Z Searching files using cache dependency glob: /home/runner/work/squares/squares/packing/uv.lock
2026-09-08T22:03:19.0870281Z /home/runner/work/squares/squares/packing/uv.lock
2026-09-08T22:03:19.0870702Z Found 1 files to hash.
2026-09-08T22:03:19.0912377Z Trying to restore cache from GitHub Actions cache with key: setup-uv-2-x86_64-unknown-linux-gnu-ubuntu-24.04-3.14.7-47c7c657a4318ef78cf526f9b81f9615c32d557ed7c8c11fd50dfeb0693dfe2b
2026-09-08T22:03:19.3535302Z Cache hit for: setup-uv-2-x86_64-unknown-linux-gnu-ubuntu-24.04-3.14.7-47c7c657a4318ef78cf526f9b81f9615c32d557ed7c8c11fd50dfeb0693dfe2b
2026-09-08T22:03:20.4957441Z Received 121634816 of 192327837 (63.2%), 115.9 MBs/sec
2026-09-08T22:03:20.9808536Z Received 192327837 of 192327837 (100.0%), 123.4 MBs/sec
2026-09-08T22:03:20.9809371Z Cache Size: ~183 MB (192327837 B)
2026-09-08T22:03:20.9924495Z [command]/usr/bin/tar -xf /home/runner/work/_temp/c369cca8-088f-4d5c-8d2c-f0d2fd612d24/cache.tzst -P -C /home/runner/work/squares/squares --use-compress-program unzstd
2026-09-08T22:03:22.0193459Z Cache restored successfully
2026-09-08T22:03:22.0257563Z cache restored from GitHub Actions cache with key: setup-uv-2-x86_64-unknown-linux-gnu-ubuntu-24.04-3.14.7-47c7c657a4318ef78cf526f9b81f9615c32d557ed7c8c11fd50dfeb0693dfe2b
2026-09-08T22:03:22.1795927Z Node 20 is being deprecated. This workflow is running with Node 24 by default. If you need to temporarily use Node 20, you can set the ACTIONS_ALLOW_USE_UNSECURE_NODE_VERSION=true environment variable. For more information see: https://github.blog/changelog/2025-09-19-deprecation-of-node-20-on-github-actions-runners/
2026-09-08T22:03:22.1796962Z ##[group]Run actions/cache@0400d5f644dc74513175e3cd8d07132dd4860809
2026-09-08T22:03:22.1797337Z with:
2026-09-08T22:03:22.1797570Z   path: ~/.cache/ms-playwright
2026-09-08T22:03:22.1797975Z   key: playwright-Linux-webkit-47c7c657a4318ef78cf526f9b81f9615c32d557ed7c8c11fd50dfeb0693dfe2b
2026-09-08T22:03:22.1798452Z   enableCrossOsArchive: false
2026-09-08T22:03:22.1798723Z   fail-on-cache-miss: false
2026-09-08T22:03:22.1798990Z   lookup-only: false
2026-09-08T22:03:22.1799212Z   save-always: false
2026-09-08T22:03:22.1799455Z env:
2026-09-08T22:03:22.1799725Z   UV_PYTHON_INSTALL_DIR: /home/runner/work/_temp/uv-python-dir
2026-09-08T22:03:22.1800138Z   UV_PYTHON: 3.14.7
2026-09-08T22:03:22.1800392Z   UV_CACHE_DIR: /home/runner/work/_temp/setup-uv-cache
2026-09-08T22:03:22.1800738Z ##[endgroup]
2026-09-08T22:03:22.2562225Z (node:2278) [DEP0040] DeprecationWarning: The `punycode` module is deprecated. Please use a userland alternative instead.
2026-09-08T22:03:22.2563093Z (Use `node --trace-deprecation ...` to show where the warning was created)
2026-09-08T22:03:22.3841338Z Cache hit for: playwright-Linux-webkit-47c7c657a4318ef78cf526f9b81f9615c32d557ed7c8c11fd50dfeb0693dfe2b
2026-09-08T22:03:22.3941291Z (node:2278) [DEP0169] DeprecationWarning: `url.parse()` behavior is not standardized and prone to errors that have security implications. Use the WHATWG URL API instead. CVEs are not issued for `url.parse()` vulnerabilities.
2026-09-08T22:03:23.4483112Z Received 101188531 of 101188531 (100.0%), 105.8 MBs/sec
2026-09-08T22:03:23.4485957Z Cache Size: ~97 MB (101188531 B)
2026-09-08T22:03:23.4522452Z [command]/usr/bin/tar -xf /home/runner/work/_temp/8b1f285b-9c7d-4607-833c-50c331e67312/cache.tzst -P -C /home/runner/work/squares/squares --use-compress-program unzstd
2026-09-08T22:03:23.7720014Z Cache restored successfully
2026-09-08T22:03:23.7805175Z Cache restored from key: playwright-Linux-webkit-47c7c657a4318ef78cf526f9b81f9615c32d557ed7c8c11fd50dfeb0693dfe2b
2026-09-08T22:03:23.7892290Z ##[group]Run uv run --frozen --group dev python -m playwright install --with-deps webkit
2026-09-08T22:03:23.7892886Z [36;1muv run --frozen --group dev python -m playwright install --with-deps webkit[0m
2026-09-08T22:03:23.7916270Z shell: /usr/bin/bash -e {0}
2026-09-08T22:03:23.7916530Z env:
2026-09-08T22:03:23.7916922Z   UV_PYTHON_INSTALL_DIR: /home/runner/work/_temp/uv-python-dir
2026-09-08T22:03:23.7917259Z   UV_PYTHON: 3.14.7
2026-09-08T22:03:23.7917570Z   UV_CACHE_DIR: /home/runner/work/_temp/setup-uv-cache
2026-09-08T22:03:23.7917871Z ##[endgroup]
2026-09-08T22:03:23.9364954Z Downloading cpython-3.14.7-linux-x86_64-gnu (download) (34.3MiB)
2026-09-08T22:03:24.7472075Z  Downloaded cpython-3.14.7-linux-x86_64-gnu (download)
2026-09-08T22:03:25.2908540Z Using CPython 3.14.7
2026-09-08T22:03:25.2908987Z Creating virtual environment at: .venv
2026-09-08T22:03:25.2998108Z    Building kpress @ file:///home/runner/work/squares/squares/vendor/kpress
2026-09-08T22:03:25.3174167Z    Building sqpack @ file:///home/runner/work/squares/squares/packing
2026-09-08T22:03:26.4513783Z       Built sqpack @ file:///home/runner/work/squares/squares/packing
2026-09-08T22:03:26.6778083Z       Built kpress @ file:///home/runner/work/squares/squares/vendor/kpress
2026-09-08T22:03:27.2755236Z Installed 53 packages in 594ms
2026-09-08T22:03:27.5119602Z Installing dependencies...
2026-09-08T22:03:27.5160212Z Switching to root user to install dependencies...
2026-09-08T22:03:27.6315683Z Get:1 https://packages.microsoft.com/ubuntu/24.04/prod noble InRelease [3600 B]
2026-09-08T22:03:27.7290618Z Get:2 file:/etc/apt/apt-mirrors.txt Mirrorlist [144 B]
2026-09-08T22:03:27.7493170Z Get:7 https://dl.google.com/linux/chrome-stable/deb stable InRelease [2548 B]
2026-09-08T22:03:27.7625571Z Hit:3 http://azure.archive.ubuntu.com/ubuntu noble InRelease
2026-09-08T22:03:27.7637982Z Get:4 http://azure.archive.ubuntu.com/ubuntu noble-updates InRelease [126 kB]
2026-09-08T22:03:27.7838214Z Get:5 http://azure.archive.ubuntu.com/ubuntu noble-backports InRelease [126 kB]
2026-09-08T22:03:27.7900606Z Get:8 https://packages.microsoft.com/ubuntu/24.04/prod noble/main arm64 Packages [394 kB]
2026-09-08T22:03:27.8758688Z Get:6 http://azure.archive.ubuntu.com/ubuntu noble-security InRelease [126 kB]
2026-09-08T22:03:27.8759522Z Get:9 https://dl.google.com/linux/chrome-stable/deb stable/main amd64 Packages [1406 B]
2026-09-08T22:03:27.8869685Z Get:10 https://packages.microsoft.com/ubuntu/24.04/prod noble/main amd64 Packages [441 kB]
2026-09-08T22:03:28.0554390Z Get:11 http://azure.archive.ubuntu.com/ubuntu noble-updates/main amd64 Packages [1260 kB]
2026-09-08T22:03:28.3592123Z Get:12 http://azure.archive.ubuntu.com/ubuntu noble-updates/main Translation-en [292 kB]
2026-09-08T22:03:28.4675430Z Get:13 http://azure.archive.ubuntu.com/ubuntu noble-updates/main amd64 Components [180 kB]
2026-09-08T22:03:28.5440711Z Get:14 http://azure.archive.ubuntu.com/ubuntu noble-updates/universe amd64 Packages [1690 kB]
2026-09-08T22:03:28.6072852Z Get:15 http://azure.archive.ubuntu.com/ubuntu noble-updates/universe Translation-en [339 kB]
2026-09-08T22:03:28.6147791Z Get:16 http://azure.archive.ubuntu.com/ubuntu noble-updates/universe amd64 Components [388 kB]
2026-09-08T22:03:28.7123090Z Get:17 http://azure.archive.ubuntu.com/ubuntu noble-updates/restricted amd64 Packages [1536 kB]
2026-09-08T22:03:28.7314203Z Get:18 http://azure.archive.ubuntu.com/ubuntu noble-updates/restricted Translation-en [352 kB]
2026-09-08T22:03:28.8352787Z Get:19 http://azure.archive.ubuntu.com/ubuntu noble-updates/multiverse amd64 Components [940 B]
2026-09-08T22:03:28.9189398Z Get:20 http://azure.archive.ubuntu.com/ubuntu noble-backports/main amd64 Components [5760 B]
2026-09-08T22:03:29.0284003Z Get:21 http://azure.archive.ubuntu.com/ubuntu noble-backports/universe amd64 Components [12.6 kB]
2026-09-08T22:03:29.2082778Z Get:22 http://azure.archive.ubuntu.com/ubuntu noble-security/main amd64 Packages [1005 kB]
2026-09-08T22:03:29.3974258Z Get:23 http://azure.archive.ubuntu.com/ubuntu noble-security/main Translation-en [213 kB]
2026-09-08T22:03:29.3993305Z Get:24 http://azure.archive.ubuntu.com/ubuntu noble-security/main amd64 Components [46.3 kB]
2026-09-08T22:03:29.4084663Z Get:25 http://azure.archive.ubuntu.com/ubuntu noble-security/universe amd64 Packages [1206 kB]
2026-09-08T22:03:29.4923121Z Get:26 http://azure.archive.ubuntu.com/ubuntu noble-security/universe Translation-en [241 kB]
2026-09-08T22:03:29.4983124Z Get:27 http://azure.archive.ubuntu.com/ubuntu noble-security/universe amd64 Components [76.2 kB]
2026-09-08T22:03:29.5167852Z Get:28 http://azure.archive.ubuntu.com/ubuntu noble-security/restricted amd64 Packages [1441 kB]
2026-09-08T22:03:29.5396011Z Get:29 http://azure.archive.ubuntu.com/ubuntu noble-security/restricted Translation-en [334 kB]
2026-09-08T22:03:36.5410426Z Fetched 11.8 MB in 2s (5469 kB/s)
2026-09-08T22:03:37.1466368Z Reading package lists...
2026-09-08T22:03:37.1685478Z Reading package lists...
2026-09-08T22:03:37.2754355Z Building dependency tree...
2026-09-08T22:03:37.2761084Z Reading state information...
2026-09-08T22:03:37.4074562Z libicu74 is already the newest version (74.2-1ubuntu3.1).
2026-09-08T22:03:37.4075064Z libatomic1 is already the newest version (14.2.0-4ubuntu2~24.04.1).
2026-09-08T22:03:37.4075543Z libatomic1 set to manually installed.
2026-09-08T22:03:37.4075969Z libatk-bridge2.0-0t64 is already the newest version (2.52.0-1build1).
2026-09-08T22:03:37.4076458Z libatk-bridge2.0-0t64 set to manually installed.
2026-09-08T22:03:37.4076836Z libatk1.0-0t64 is already the newest version (2.52.0-1build1).
2026-09-08T22:03:37.4077156Z libatk1.0-0t64 set to manually installed.
2026-09-08T22:03:37.4077529Z libcairo-gobject2 is already the newest version (1.18.0-3build1).
2026-09-08T22:03:37.4077869Z libcairo-gobject2 set to manually installed.
2026-09-08T22:03:37.4078194Z libcairo2 is already the newest version (1.18.0-3build1).
2026-09-08T22:03:37.4078565Z libcairo2 set to manually installed.
2026-09-08T22:03:37.4078892Z libdbus-1-3 is already the newest version (1.14.10-4ubuntu4.1).
2026-09-08T22:03:37.4079302Z libdbus-1-3 set to manually installed.
2026-09-08T22:03:37.4079668Z libdrm2 is already the newest version (2.4.125-1ubuntu0.1~24.04.2).
2026-09-08T22:03:37.4080032Z libdrm2 set to manually installed.
2026-09-08T22:03:37.4080341Z libenchant-2-2 is already the newest version (2.3.3-2build2).
2026-09-08T22:03:37.4080642Z libenchant-2-2 set to manually installed.
2026-09-08T22:03:37.4081015Z libepoxy0 is already the newest version (1.5.10-1build1).
2026-09-08T22:03:37.4081336Z libepoxy0 set to manually installed.
2026-09-08T22:03:37.4081847Z libfontconfig1 is already the newest version (2.15.0-1.1ubuntu2).
2026-09-08T22:03:37.4082304Z libfontconfig1 set to manually installed.
2026-09-08T22:03:37.4082816Z libfreetype6 is already the newest version (2.13.2+dfsg-1ubuntu0.1).
2026-09-08T22:03:37.4083266Z libfreetype6 set to manually installed.
2026-09-08T22:03:37.4083625Z libgbm1 is already the newest version (25.2.8-0ubuntu0.24.04.2).
2026-09-08T22:03:37.4083981Z libgbm1 set to manually installed.
2026-09-08T22:03:37.4084307Z libgdk-pixbuf-2.0-0 is already the newest version (2.42.10+dfsg-3ubuntu3.3).
2026-09-08T22:03:37.4084689Z libgdk-pixbuf-2.0-0 set to manually installed.
2026-09-08T22:03:37.4085070Z libglib2.0-0t64 is already the newest version (2.80.0-6ubuntu3.8).
2026-09-08T22:03:37.4085405Z libglib2.0-0t64 set to manually installed.
2026-09-08T22:03:37.4085969Z libgstreamer1.0-0 is already the newest version (1.24.2-1ubuntu0.1).
2026-09-08T22:03:37.4086308Z libgstreamer1.0-0 set to manually installed.
2026-09-08T22:03:37.4086694Z libharfbuzz0b is already the newest version (8.3.0-2build2).
2026-09-08T22:03:37.4086998Z libharfbuzz0b set to manually installed.
2026-09-08T22:03:37.4087345Z libjpeg-turbo8 is already the newest version (2.1.5-2ubuntu2).
2026-09-08T22:03:37.4087693Z libjpeg-turbo8 set to manually installed.
2026-09-08T22:03:37.4088032Z liblcms2-2 is already the newest version (2.14-2ubuntu0.1).
2026-09-08T22:03:37.4088563Z liblcms2-2 set to manually installed.
2026-09-08T22:03:37.4088960Z libpango-1.0-0 is already the newest version (1.52.1+ds-1build1).
2026-09-08T22:03:37.4089341Z libpango-1.0-0 set to manually installed.
2026-09-08T22:03:37.4089687Z libpangocairo-1.0-0 is already the newest version (1.52.1+ds-1build1).
2026-09-08T22:03:37.4090072Z libpangocairo-1.0-0 set to manually installed.
2026-09-08T22:03:37.4090434Z libpng16-16t64 is already the newest version (1.6.43-5ubuntu0.6).
2026-09-08T22:03:37.4090766Z libpng16-16t64 set to manually installed.
2026-09-08T22:03:37.4091092Z libwayland-client0 is already the newest version (1.22.0-2.1build1).
2026-09-08T22:03:37.4091476Z libwayland-client0 set to manually installed.
2026-09-08T22:03:37.4091907Z libwayland-egl1 is already the newest version (1.22.0-2.1build1).
2026-09-08T22:03:37.4092258Z libwayland-egl1 set to manually installed.
2026-09-08T22:03:37.4092591Z libwebp7 is already the newest version (1.3.2-0.4build3).
2026-09-08T22:03:37.4092899Z libwebp7 set to manually installed.
2026-09-08T22:03:37.4093263Z libwebpdemux2 is already the newest version (1.3.2-0.4build3).
2026-09-08T22:03:37.4093578Z libwebpdemux2 set to manually installed.
2026-09-08T22:03:37.4093907Z libx11-6 is already the newest version (2:1.8.7-1build1).
2026-09-08T22:03:37.4094215Z libx11-6 set to manually installed.
2026-09-08T22:03:37.4094520Z libxkbcommon0 is already the newest version (1.6.0-1build1).
2026-09-08T22:03:37.4094893Z libxkbcommon0 set to manually installed.
2026-09-08T22:03:37.4095213Z libxml2 is already the newest version (2.9.14+dfsg-1.3ubuntu3.8).
2026-09-08T22:03:37.4095560Z libxml2 set to manually installed.
2026-09-08T22:03:37.4095884Z libxslt1.1 is already the newest version (1.1.39-0exp1ubuntu0.24.04.3).
2026-09-08T22:03:37.4096214Z libxslt1.1 set to manually installed.
2026-09-08T22:03:37.4096567Z xvfb is already the newest version (2:21.1.12-1ubuntu1.6).
2026-09-08T22:03:37.4096947Z fonts-noto-color-emoji is already the newest version (2.047-0ubuntu0.24.04.1).
2026-09-08T22:03:37.4097807Z fonts-liberation is already the newest version (1:2.1.5-3).
2026-09-08T22:03:37.4098155Z fonts-liberation set to manually installed.
2026-09-08T22:03:37.4098510Z The following additional packages will be installed:
2026-09-08T22:03:37.4098863Z   glib-networking glib-networking-common glib-networking-services
2026-09-08T22:03:37.4099402Z   gsettings-desktop-schemas libaa1 libabsl20220623t64 libass9 libasyncns0
2026-09-08T22:03:37.4099865Z   libavc1394-0 libavcodec60 libavfilter9 libavformat60 libavtp0 libavutil58
2026-09-08T22:03:37.4100304Z   libblas3 libbluray2 libbs2b0 libcaca0 libcairo-script-interpreter2
2026-09-08T22:03:37.4100727Z   libcdparanoia0 libchromaprint1 libcjson1 libcodec2-1.2 libdav1d7
2026-09-08T22:03:37.4101130Z   libdc1394-25 libdca0 libde265-0 libdecor-0-0 libdirectfb-1.7-7t64 libdv4t64
2026-09-08T22:03:37.4101681Z   libdvdnav4 libdvdread8t64 libegl-mesa0 libegl1 libevent-core-2.1-7t64
2026-09-08T22:03:37.4102177Z   libevent-pthreads-2.1-7t64 libfaad2 libflac12t64 libfluidsynth3 libfreeaptx0
2026-09-08T22:03:37.4102710Z   libgav1-1 libgme0 libgraphene-1.0-0 libgsm1 libgssdp-1.6-0
2026-09-08T22:03:37.4103096Z   libgstreamer-plugins-good1.0-0 libgtk-4-common libgupnp-1.6-0
2026-09-08T22:03:37.4103562Z   libgupnp-igd-1.6-0 libhwy1t64 libiec61883-0 libimath-3-1-29t64
2026-09-08T22:03:37.4103961Z   libinstpatch-1.0-2 libjack-jackd2-0 libjxl0.7 liblapack3 liblc3-1
2026-09-08T22:03:37.4104470Z   libldacbt-enc2 liblilv-0-0 liblrdf0 libltc11 libmbedcrypto7t64 libmfx1
2026-09-08T22:03:37.4104898Z   libmjpegutils-2.1-0t64 libmodplug1 libmp3lame0 libmpcdec6
2026-09-08T22:03:37.4105273Z   libmpeg2encpp-2.1-0t64 libmpg123-0t64 libmplex2-2.1-0t64 libmysofa1
2026-09-08T22:03:37.4105702Z   libneon27t64 libnice10 libopenal-data libopenal1 libopenexr-3-1-30
2026-09-08T22:03:37.4106192Z   libopenh264-7 libopenmpt0t64 libopenni2-0 liborc-0.4-0t64
2026-09-08T22:03:37.4106572Z   libpipewire-0.3-0t64 libplacebo338 libpocketsphinx3 libpostproc57
2026-09-08T22:03:37.4107087Z   libproxy1v5 libpulse0 libqrencode4 libraptor2-0 librav1e0 libraw1394-11
2026-09-08T22:03:37.4107492Z   librist4 librsvg2-2 librubberband2 libsamplerate0 libsbc1 libsdl2-2.0-0
2026-09-08T22:03:37.4107963Z   libsecret-common libserd-0-0 libshine3 libshout3 libsndfile1 libsndio7.0
2026-09-08T22:03:37.4108367Z   libsord-0-0 libsoundtouch1 libsoup-3.0-0 libsoup-3.0-common libsoxr0
2026-09-08T22:03:37.4108804Z   libspa-0.2-modules libspandsp2t64 libspeex1 libsphinxbase3t64 libsratom-0-0
2026-09-08T22:03:37.4109246Z   libsrt1.5-gnutls libsrtp2-1 libssh-gcrypt-4 libsvtav1enc1d1 libswresample4
2026-09-08T22:03:37.4109669Z   libswscale7 libtag1v5 libtag1v5-vanilla libtheora0 libtwolame0 libudfread0
2026-09-08T22:03:37.4110135Z   libunibreak5 libv4l-0t64 libv4lconvert0t64 libva-drm2 libva-x11-2 libva2
2026-09-08T22:03:37.4110537Z   libvdpau1 libvidstab1.1 libvisual-0.4-0 libvo-aacenc0 libvo-amrwbenc0
2026-09-08T22:03:37.4110988Z   libvorbisenc2 libvpl2 libwavpack1 libwebrtc-audio-processing1 libwildmidi2
2026-09-08T22:03:37.4111415Z   libx265-199 libxcb-xkb1 libxkbcommon-x11-0 libxvidcore4 libyuv0 libzbar0t64
2026-09-08T22:03:37.4112013Z   libzimg2 libzix-0-0 libzvbi-common libzvbi0t64 libzxing3 ocl-icd-libopencl1
2026-09-08T22:03:37.4112443Z   session-migration timgm6mb-soundfont xfonts-encodings xfonts-utils
2026-09-08T22:03:37.4112772Z Suggested packages:
2026-09-08T22:03:37.4113128Z   frei0r-plugins gvfs libcuda1 libnvcuvid1 libnvidia-encode1 libbluray-bdj
2026-09-08T22:03:37.4113546Z   libdirectfb-extra libdv-bin oss-compat libdvdcss2 libvisual-0.4-plugins
2026-09-08T22:03:37.4114005Z   jackd2 liblrdf0-dev libportaudio2 opus-tools pipewire pulseaudio
2026-09-08T22:03:37.4114389Z   raptor2-utils libraw1394-doc librsvg2-bin serdi sndiod sordi speex
2026-09-08T22:03:37.4114733Z   libwildmidi-config opencl-icd fluid-soundfont-gm
2026-09-08T22:03:37.4115076Z Recommended packages:
2026-09-08T22:03:37.4115397Z   fonts-ipafont-mincho fonts-tlwg-loma gstreamer1.0-x libaacs0
2026-09-08T22:03:37.4115838Z   default-libdecor-0-plugin-1 | libdecor-0-plugin-1 gstreamer1.0-gl
2026-09-08T22:03:37.4116265Z   libgtk-4-bin librsvg2-common libgtk-4-media-gstreamer libpipewire-0.3-common
2026-09-08T22:03:37.4116706Z   pocketsphinx-en-us va-driver-all | va-driver vdpau-driver-all | vdpau-driver
2026-09-08T22:03:37.4117101Z   libmagickcore-6.q16-7-extra
2026-09-08T22:03:37.5163899Z The following NEW packages will be installed:
2026-09-08T22:03:37.5165009Z   fonts-freefont-ttf fonts-ipafont-gothic fonts-tlwg-loma-otf fonts-unifont
2026-09-08T22:03:37.5165658Z   fonts-wqy-zenhei glib-networking glib-networking-common
2026-09-08T22:03:37.5166781Z   glib-networking-services gsettings-desktop-schemas gstreamer1.0-libav
2026-09-08T22:03:37.5167445Z   gstreamer1.0-plugins-bad gstreamer1.0-plugins-base gstreamer1.0-plugins-good
2026-09-08T22:03:37.5168113Z   libaa1 libabsl20220623t64 libass9 libasyncns0 libavc1394-0 libavcodec60
2026-09-08T22:03:37.5168671Z   libavfilter9 libavformat60 libavif16 libavtp0 libavutil58 libblas3
2026-09-08T22:03:37.5169301Z   libbluray2 libbs2b0 libcaca0 libcairo-script-interpreter2 libcdparanoia0
2026-09-08T22:03:37.5169816Z   libchromaprint1 libcjson1 libcodec2-1.2 libdav1d7 libdc1394-25 libdca0
2026-09-08T22:03:37.5170352Z   libde265-0 libdecor-0-0 libdirectfb-1.7-7t64 libdv4t64 libdvdnav4
2026-09-08T22:03:37.5170856Z   libdvdread8t64 libegl-mesa0 libegl1 libevent-2.1-7t64 libfaad2 libflac12t64
2026-09-08T22:03:37.5171383Z   libflite1 libfluidsynth3 libfreeaptx0 libgav1-1 libgles2 libgme0
2026-09-08T22:03:37.5172522Z   libgraphene-1.0-0 libgsm1 libgssdp-1.6-0 libgstreamer-gl1.0-0
2026-09-08T22:03:37.5173045Z   libgstreamer-plugins-bad1.0-0 libgstreamer-plugins-base1.0-0
2026-09-08T22:03:37.5173684Z   libgstreamer-plugins-good1.0-0 libgtk-4-1 libgtk-4-common libgupnp-1.6-0
2026-09-08T22:03:37.5174351Z   libgupnp-igd-1.6-0 libharfbuzz-icu0 libhwy1t64 libhyphen0 libiec61883-0
2026-09-08T22:03:37.5175048Z   libimath-3-1-29t64 libinstpatch-1.0-2 libjack-jackd2-0 libjxl0.7 liblapack3
2026-09-08T22:03:37.5175866Z   liblc3-1 libldacbt-enc2 liblilv-0-0 liblrdf0 libltc11 libmanette-0.2-0
2026-09-08T22:03:37.5176480Z   libmbedcrypto7t64 libmfx1 libmjpegutils-2.1-0t64 libmodplug1 libmp3lame0
2026-09-08T22:03:37.5177155Z   libmpcdec6 libmpeg2encpp-2.1-0t64 libmpg123-0t64 libmplex2-2.1-0t64
2026-09-08T22:03:37.5177654Z   libmysofa1 libneon27t64 libnice10 libopenal-data libopenal1
2026-09-08T22:03:37.5178235Z   libopenexr-3-1-30 libopenh264-7 libopenmpt0t64 libopenni2-0 libopus0
2026-09-08T22:03:37.5178772Z   liborc-0.4-0t64 libpipewire-0.3-0t64 libplacebo338 libpocketsphinx3
2026-09-08T22:03:37.5179380Z   libpostproc57 libproxy1v5 libpulse0 libqrencode4 libraptor2-0 librav1e0
2026-09-08T22:03:37.5179991Z   libraw1394-11 librist4 librsvg2-2 librubberband2 libsamplerate0 libsbc1
2026-09-08T22:03:37.5180583Z   libsdl2-2.0-0 libsecret-1-0 libsecret-common libserd-0-0 libshine3 libshout3
2026-09-08T22:03:37.5181261Z   libsndfile1 libsndio7.0 libsord-0-0 libsoundtouch1 libsoup-3.0-0
2026-09-08T22:03:37.5182046Z   libsoup-3.0-common libsoxr0 libspa-0.2-modules libspandsp2t64 libspeex1
2026-09-08T22:03:37.5182800Z   libsphinxbase3t64 libsratom-0-0 libsrt1.5-gnutls libsrtp2-1 libssh-gcrypt-4
2026-09-08T22:03:37.5183382Z   libsvtav1enc1d1 libswresample4 libswscale7 libtag1v5 libtag1v5-vanilla
2026-09-08T22:03:37.5183969Z   libtheora0 libtwolame0 libudfread0 libunibreak5 libv4l-0t64
2026-09-08T22:03:37.5184497Z   libv4lconvert0t64 libva-drm2 libva-x11-2 libva2 libvdpau1 libvidstab1.1
2026-09-08T22:03:37.5185057Z   libvisual-0.4-0 libvo-aacenc0 libvo-amrwbenc0 libvorbisenc2 libvpl2 libvpx9
2026-09-08T22:03:37.5185799Z   libwavpack1 libwayland-server0 libwebrtc-audio-processing1 libwildmidi2
2026-09-08T22:03:37.5186406Z   libwoff1 libx264-164 libx265-199 libxcb-xkb1 libxkbcommon-x11-0 libxvidcore4
2026-09-08T22:03:37.5187104Z   libyuv0 libzbar0t64 libzimg2 libzix-0-0 libzvbi-common libzvbi0t64 libzxing3
2026-09-08T22:03:37.5187711Z   ocl-icd-libopencl1 session-migration timgm6mb-soundfont xfonts-cyrillic
2026-09-08T22:03:37.5188365Z   xfonts-encodings xfonts-scalable xfonts-utils
2026-09-08T22:03:37.5188858Z The following packages will be upgraded:
2026-09-08T22:03:37.5189304Z   libevent-core-2.1-7t64 libevent-pthreads-2.1-7t64
2026-09-08T22:03:37.5333004Z 2 upgraded, 181 newly installed, 0 to remove and 42 not upgraded.
2026-09-08T22:03:37.5333482Z Need to get 114 MB of archives.
2026-09-08T22:03:37.5334093Z After this operation, 364 MB of additional disk space will be used.
2026-09-08T22:03:37.5334576Z Get:1 file:/etc/apt/apt-mirrors.txt Mirrorlist [144 B]
2026-09-08T22:03:37.5966300Z Get:2 http://azure.archive.ubuntu.com/ubuntu noble/universe amd64 fonts-ipafont-gothic all 00303-21ubuntu1 [3513 kB]
2026-09-08T22:03:37.6628059Z Get:3 http://azure.archive.ubuntu.com/ubuntu noble/main amd64 fonts-freefont-ttf all 20211204+svn4273-2 [5641 kB]
2026-09-08T22:03:37.7504438Z Get:4 http://azure.archive.ubuntu.com/ubuntu noble/universe amd64 fonts-tlwg-loma-otf all 1:0.7.3-1 [107 kB]
2026-09-08T22:03:37.7934778Z Get:5 http://azure.archive.ubuntu.com/ubuntu noble/universe amd64 fonts-unifont all 1:15.1.01-1build1 [2993 kB]
2026-09-08T22:03:37.8624074Z Get:6 http://azure.archive.ubuntu.com/ubuntu noble/universe amd64 fonts-wqy-zenhei all 0.9.45-8 [7472 kB]
2026-09-08T22:03:38.0091429Z Get:7 http://azure.archive.ubuntu.com/ubuntu noble/main amd64 libproxy1v5 amd64 0.5.4-4build1 [26.5 kB]
2026-09-08T22:03:38.0418223Z Get:8 http://azure.archive.ubuntu.com/ubuntu noble/main amd64 glib-networking-common all 2.80.0-1build1 [6702 B]
2026-09-08T22:03:38.0713379Z Get:9 http://azure.archive.ubuntu.com/ubuntu noble/main amd64 glib-networking-services amd64 2.80.0-1build1 [12.8 kB]
2026-09-08T22:03:38.1027052Z Get:10 http://azure.archive.ubuntu.com/ubuntu noble/main amd64 session-migration amd64 0.3.9build1 [9034 B]
2026-09-08T22:03:38.1358520Z Get:11 http://azure.archive.ubuntu.com/ubuntu noble-updates/main amd64 gsettings-desktop-schemas all 46.1-0ubuntu1 [35.6 kB]
2026-09-08T22:03:38.1916660Z Get:12 http://azure.archive.ubuntu.com/ubuntu noble/main amd64 glib-networking amd64 2.80.0-1build1 [64.1 kB]
2026-09-08T22:03:38.2216878Z Get:13 http://azure.archive.ubuntu.com/ubuntu noble-updates/universe amd64 libva2 amd64 2.20.0-2ubuntu0.2 [66.4 kB]
2026-09-08T22:03:38.2805096Z Get:14 http://azure.archive.ubuntu.com/ubuntu noble-updates/universe amd64 libva-drm2 amd64 2.20.0-2ubuntu0.2 [7124 B]
2026-09-08T22:03:38.3090251Z Get:15 http://azure.archive.ubuntu.com/ubuntu noble-updates/universe amd64 libva-x11-2 amd64 2.20.0-2ubuntu0.2 [12.0 kB]
2026-09-08T22:03:38.3385483Z Get:16 http://azure.archive.ubuntu.com/ubuntu noble/main amd64 libvdpau1 amd64 1.5-2build1 [27.8 kB]
2026-09-08T22:03:38.3960540Z Get:17 http://azure.archive.ubuntu.com/ubuntu noble/universe amd64 libvpl2 amd64 2023.3.0-1build1 [99.8 kB]
2026-09-08T22:03:38.4250721Z Get:18 http://azure.archive.ubuntu.com/ubuntu noble/universe amd64 ocl-icd-libopencl1 amd64 2.3.2-1build1 [38.5 kB]
2026-09-08T22:03:38.5472079Z Get:19 http://azure.archive.ubuntu.com/ubuntu noble/universe amd64 libavutil58 amd64 7:6.1.1-3ubuntu5 [401 kB]
2026-09-08T22:03:38.7285296Z Get:20 http://azure.archive.ubuntu.com/ubuntu noble/universe amd64 libcodec2-1.2 amd64 1.2.0-2build1 [8998 kB]
2026-09-08T22:03:38.8739930Z Get:21 http://azure.archive.ubuntu.com/ubuntu noble/universe amd64 libdav1d7 amd64 1.4.1-1build1 [604 kB]
2026-09-08T22:03:38.9110054Z Get:22 http://azure.archive.ubuntu.com/ubuntu noble/universe amd64 libgsm1 amd64 1.0.22-1build1 [27.8 kB]
2026-09-08T22:03:38.9414386Z Get:23 http://azure.archive.ubuntu.com/ubuntu noble/universe amd64 libhwy1t64 amd64 1.0.7-8.1build1 [584 kB]
2026-09-08T22:03:38.9861861Z Get:24 http://azure.archive.ubuntu.com/ubuntu noble-updates/universe amd64 libjxl0.7 amd64 0.7.0-10.2ubuntu6.1 [1001 kB]
2026-09-08T22:03:39.0226034Z Get:25 http://azure.archive.ubuntu.com/ubuntu noble/main amd64 libmp3lame0 amd64 3.100-6build1 [142 kB]
2026-09-08T22:03:39.0983868Z Get:26 http://azure.archive.ubuntu.com/ubuntu noble/main amd64 libopus0 amd64 1.4-1build1 [208 kB]
2026-09-08T22:03:39.2909575Z Get:27 http://azure.archive.ubuntu.com/ubuntu noble/universe amd64 librav1e0 amd64 0.7.1-2 [1022 kB]
2026-09-08T22:03:39.4253022Z Get:28 http://azure.archive.ubuntu.com/ubuntu noble/main amd64 librsvg2-2 amd64 2.58.0+dfsg-1build1 [2135 kB]
2026-09-08T22:03:39.4720061Z Get:29 http://azure.archive.ubuntu.com/ubuntu noble/universe amd64 libshine3 amd64 3.1.1-2build1 [23.2 kB]
2026-09-08T22:03:39.5097568Z Get:30 http://azure.archive.ubuntu.com/ubuntu noble-updates/main amd64 libspeex1 amd64 1.2.1-2ubuntu2.24.04.1 [59.6 kB]
2026-09-08T22:03:39.5517521Z Get:31 http://azure.archive.ubuntu.com/ubuntu noble/universe amd64 libsvtav1enc1d1 amd64 1.7.0+dfsg-2build1 [2425 kB]
2026-09-08T22:03:39.6513496Z Get:32 http://azure.archive.ubuntu.com/ubuntu noble/universe amd64 libsoxr0 amd64 0.1.3-4build3 [80.0 kB]
2026-09-08T22:03:39.6860219Z Get:33 http://azure.archive.ubuntu.com/ubuntu noble/universe amd64 libswresample4 amd64 7:6.1.1-3ubuntu5 [63.8 kB]
2026-09-08T22:03:39.7140257Z Get:34 http://azure.archive.ubuntu.com/ubuntu noble/main amd64 libtheora0 amd64 1.1.1+dfsg.1-16.1build3 [211 kB]
2026-09-08T22:03:39.7460183Z Get:35 http://azure.archive.ubuntu.com/ubuntu noble/main amd64 libtwolame0 amd64 0.4.0-2build3 [52.3 kB]
2026-09-08T22:03:39.7765569Z Get:36 http://azure.archive.ubuntu.com/ubuntu noble/main amd64 libvorbisenc2 amd64 1.3.7-1build3 [80.8 kB]
2026-09-08T22:03:39.8075987Z Get:37 http://azure.archive.ubuntu.com/ubuntu noble-updates/main amd64 libvpx9 amd64 1.14.0-1ubuntu2.3 [1143 kB]
2026-09-08T22:03:39.8444061Z Get:38 http://azure.archive.ubuntu.com/ubuntu noble/universe amd64 libx264-164 amd64 2:0.164.3108+git31e19f9-1 [604 kB]
2026-09-08T22:03:39.9190419Z Get:39 http://azure.archive.ubuntu.com/ubuntu noble/universe amd64 libx265-199 amd64 3.5-2build1 [1226 kB]
2026-09-08T22:03:39.9587459Z Get:40 http://azure.archive.ubuntu.com/ubuntu noble/universe amd64 libxvidcore4 amd64 2:1.3.7-1build1 [219 kB]
2026-09-08T22:03:39.9898107Z Get:41 http://azure.archive.ubuntu.com/ubuntu noble/universe amd64 libzvbi-common all 0.2.42-2 [42.4 kB]
2026-09-08T22:03:40.0204518Z Get:42 http://azure.archive.ubuntu.com/ubuntu noble/universe amd64 libzvbi0t64 amd64 0.2.42-2 [261 kB]
2026-09-08T22:03:40.0525224Z Get:43 http://azure.archive.ubuntu.com/ubuntu noble/universe amd64 libavcodec60 amd64 7:6.1.1-3ubuntu5 [5851 kB]
2026-09-08T22:03:40.1242023Z Get:44 http://azure.archive.ubuntu.com/ubuntu noble/universe amd64 libunibreak5 amd64 5.1-2build1 [25.0 kB]
2026-09-08T22:03:40.1593729Z Get:45 http://azure.archive.ubuntu.com/ubuntu noble/universe amd64 libass9 amd64 1:0.17.1-2build1 [104 kB]
2026-09-08T22:03:40.1929081Z Get:46 http://azure.archive.ubuntu.com/ubuntu noble/universe amd64 libudfread0 amd64 1.1.2-1build1 [19.0 kB]
2026-09-08T22:03:40.2233010Z Get:47 http://azure.archive.ubuntu.com/ubuntu noble/universe amd64 libbluray2 amd64 1:1.3.4-1build1 [159 kB]
2026-09-08T22:03:40.2520454Z Get:48 http://azure.archive.ubuntu.com/ubuntu noble/universe amd64 libchromaprint1 amd64 1.5.1-5 [30.5 kB]
2026-09-08T22:03:40.2876036Z Get:49 http://azure.archive.ubuntu.com/ubuntu noble/universe amd64 libgme0 amd64 0.6.3-7build1 [134 kB]
2026-09-08T22:03:40.3185987Z Get:50 http://azure.archive.ubuntu.com/ubuntu noble-updates/main amd64 libmpg123-0t64 amd64 1.32.5-1ubuntu1.1 [169 kB]
2026-09-08T22:03:40.3474899Z Get:51 http://azure.archive.ubuntu.com/ubuntu noble/universe amd64 libopenmpt0t64 amd64 0.7.3-1.1build3 [647 kB]
2026-09-08T22:03:40.3807355Z Get:52 http://azure.archive.ubuntu.com/ubuntu noble/universe amd64 libcjson1 amd64 1.7.17-1 [24.8 kB]
2026-09-08T22:03:40.4142764Z Get:53 http://azure.archive.ubuntu.com/ubuntu noble/universe amd64 libmbedcrypto7t64 amd64 2.28.8-1 [209 kB]
2026-09-08T22:03:40.4460895Z Get:54 http://azure.archive.ubuntu.com/ubuntu noble/universe amd64 librist4 amd64 0.2.10+dfsg-2 [74.9 kB]
2026-09-08T22:03:40.4766170Z Get:55 http://azure.archive.ubuntu.com/ubuntu noble/universe amd64 libsrt1.5-gnutls amd64 1.5.3-1build2 [316 kB]
2026-09-08T22:03:40.5067275Z Get:56 http://azure.archive.ubuntu.com/ubuntu noble-updates/main amd64 libssh-gcrypt-4 amd64 0.10.6-2ubuntu0.5 [226 kB]
2026-09-08T22:03:40.5368434Z Get:57 http://azure.archive.ubuntu.com/ubuntu noble/universe amd64 libavformat60 amd64 7:6.1.1-3ubuntu5 [1153 kB]
2026-09-08T22:03:40.6233306Z Get:58 http://azure.archive.ubuntu.com/ubuntu noble/universe amd64 libbs2b0 amd64 3.1.0+dfsg-7build1 [10.6 kB]
2026-09-08T22:03:40.6530038Z Get:59 http://azure.archive.ubuntu.com/ubuntu noble/universe amd64 libflite1 amd64 2.2-6build3 [13.6 MB]
2026-09-08T22:03:40.8317478Z Get:60 http://azure.archive.ubuntu.com/ubuntu noble/universe amd64 libserd-0-0 amd64 0.32.2-1 [43.6 kB]
2026-09-08T22:03:40.8599037Z Get:61 http://azure.archive.ubuntu.com/ubuntu noble/universe amd64 libzix-0-0 amd64 0.4.2-2build1 [23.6 kB]
2026-09-08T22:03:40.8977679Z Get:62 http://azure.archive.ubuntu.com/ubuntu noble/universe amd64 libsord-0-0 amd64 0.16.16-2build1 [15.8 kB]
2026-09-08T22:03:40.9356699Z Get:63 http://azure.archive.ubuntu.com/ubuntu noble/universe amd64 libsratom-0-0 amd64 0.6.16-1build1 [17.3 kB]
2026-09-08T22:03:40.9734207Z Get:64 http://azure.archive.ubuntu.com/ubuntu noble/universe amd64 liblilv-0-0 amd64 0.24.22-1build1 [41.0 kB]
2026-09-08T22:03:41.0116511Z Get:65 http://azure.archive.ubuntu.com/ubuntu noble/universe amd64 libmysofa1 amd64 1.3.2+dfsg-2ubuntu2 [1158 kB]
2026-09-08T22:03:41.0581753Z Get:66 http://azure.archive.ubuntu.com/ubuntu noble/universe amd64 libplacebo338 amd64 6.338.2-2build1 [2654 kB]
2026-09-08T22:03:41.1321376Z Get:67 http://azure.archive.ubuntu.com/ubuntu noble-updates/main amd64 libblas3 amd64 3.12.0-3build1.1 [238 kB]
2026-09-08T22:03:41.1706376Z Get:68 http://azure.archive.ubuntu.com/ubuntu noble-updates/main amd64 liblapack3 amd64 3.12.0-3build1.1 [2646 kB]
2026-09-08T22:03:41.2449014Z Get:69 http://azure.archive.ubuntu.com/ubuntu noble/main amd64 libasyncns0 amd64 0.8-6build4 [11.3 kB]
2026-09-08T22:03:41.2822946Z Get:70 http://azure.archive.ubuntu.com/ubuntu noble/main amd64 libflac12t64 amd64 1.4.3+ds-2.1ubuntu2 [197 kB]
2026-09-08T22:03:41.3209470Z Get:71 http://azure.archive.ubuntu.com/ubuntu noble-updates/main amd64 libsndfile1 amd64 1.2.2-1ubuntu5.24.04.1 [209 kB]
2026-09-08T22:03:41.3606775Z Get:72 http://azure.archive.ubuntu.com/ubuntu noble-updates/main amd64 libpulse0 amd64 1:16.1+dfsg1-2ubuntu10.1 [292 kB]
2026-09-08T22:03:41.3994349Z Get:73 http://azure.archive.ubuntu.com/ubuntu noble/universe amd64 libsphinxbase3t64 amd64 0.8+5prealpha+1-17build2 [126 kB]
2026-09-08T22:03:41.4376992Z Get:74 http://azure.archive.ubuntu.com/ubuntu noble/universe amd64 libpocketsphinx3 amd64 0.8.0+real5prealpha+1-15ubuntu5 [133 kB]
2026-09-08T22:03:41.4756984Z Get:75 http://azure.archive.ubuntu.com/ubuntu noble/universe amd64 libpostproc57 amd64 7:6.1.1-3ubuntu5 [49.9 kB]
2026-09-08T22:03:41.5490152Z Get:76 http://azure.archive.ubuntu.com/ubuntu noble/main amd64 libsamplerate0 amd64 0.2.2-4build1 [1344 kB]
2026-09-08T22:03:41.5845696Z Get:77 http://azure.archive.ubuntu.com/ubuntu noble/universe amd64 librubberband2 amd64 3.3.0+dfsg-2build1 [130 kB]
2026-09-08T22:03:41.6131751Z Get:78 http://azure.archive.ubuntu.com/ubuntu noble/universe amd64 libswscale7 amd64 7:6.1.1-3ubuntu5 [193 kB]
2026-09-08T22:03:41.6419835Z Get:79 http://azure.archive.ubuntu.com/ubuntu noble/universe amd64 libvidstab1.1 amd64 1.1.0-2build1 [38.5 kB]
2026-09-08T22:03:41.6701165Z Get:80 http://azure.archive.ubuntu.com/ubuntu noble/universe amd64 libzimg2 amd64 3.0.5+ds1-1build1 [254 kB]
2026-09-08T22:03:41.7064257Z Get:81 http://azure.archive.ubuntu.com/ubuntu noble/universe amd64 libavfilter9 amd64 7:6.1.1-3ubuntu5 [4235 kB]
2026-09-08T22:03:41.7689552Z Get:82 http://azure.archive.ubuntu.com/ubuntu noble-updates/main amd64 liborc-0.4-0t64 amd64 1:0.4.38-1ubuntu0.1 [207 kB]
2026-09-08T22:03:41.7980914Z Get:83 http://azure.archive.ubuntu.com/ubuntu noble-updates/main amd64 libgstreamer-plugins-base1.0-0 amd64 1.24.2-1ubuntu0.4 [862 kB]
2026-09-08T22:03:41.8348816Z Get:84 http://azure.archive.ubuntu.com/ubuntu noble/universe amd64 gstreamer1.0-libav amd64 1.24.1-1build1 [103 kB]
2026-09-08T22:03:41.8633261Z Get:85 http://azure.archive.ubuntu.com/ubuntu noble/main amd64 libcdparanoia0 amd64 3.10.2+debian-14build3 [48.5 kB]
2026-09-08T22:03:41.8937998Z Get:86 http://azure.archive.ubuntu.com/ubuntu noble/main amd64 libvisual-0.4-0 amd64 0.4.2-2build1 [115 kB]
2026-09-08T22:03:41.9220538Z Get:87 http://azure.archive.ubuntu.com/ubuntu noble-updates/main amd64 gstreamer1.0-plugins-base amd64 1.24.2-1ubuntu0.4 [721 kB]
2026-09-08T22:03:41.9532315Z Get:88 http://azure.archive.ubuntu.com/ubuntu noble/main amd64 libaa1 amd64 1.4p5-51.1 [49.9 kB]
2026-09-08T22:03:41.9812856Z Get:89 http://azure.archive.ubuntu.com/ubuntu noble/main amd64 libraw1394-11 amd64 2.1.2-2build3 [26.2 kB]
2026-09-08T22:03:42.0092336Z Get:90 http://azure.archive.ubuntu.com/ubuntu noble/main amd64 libavc1394-0 amd64 0.5.4-5build3 [15.4 kB]
2026-09-08T22:03:42.0400865Z Get:91 http://azure.archive.ubuntu.com/ubuntu noble-updates/main amd64 libcaca0 amd64 0.99.beta20-4ubuntu0.2 [209 kB]
2026-09-08T22:03:42.0858590Z Get:92 http://azure.archive.ubuntu.com/ubuntu noble/main amd64 libdv4t64 amd64 1.0.0-17.1build1 [63.2 kB]
2026-09-08T22:03:42.1237608Z Get:93 http://azure.archive.ubuntu.com/ubuntu noble-updates/main amd64 libgstreamer-plugins-good1.0-0 amd64 1.24.2-1ubuntu1.5 [33.5 kB]
2026-09-08T22:03:42.1619251Z Get:94 http://azure.archive.ubuntu.com/ubuntu noble/main amd64 libiec61883-0 amd64 1.2.0-6build1 [24.5 kB]
2026-09-08T22:03:42.2434853Z Get:95 http://azure.archive.ubuntu.com/ubuntu noble/main amd64 libshout3 amd64 2.4.6-1build2 [50.3 kB]
2026-09-08T22:03:42.2821451Z Get:96 http://azure.archive.ubuntu.com/ubuntu noble/main amd64 libtag1v5-vanilla amd64 1.13.1-1build1 [326 kB]
2026-09-08T22:03:42.3238256Z Get:97 http://azure.archive.ubuntu.com/ubuntu noble/main amd64 libtag1v5 amd64 1.13.1-1build1 [11.7 kB]
2026-09-08T22:03:42.3614123Z Get:98 http://azure.archive.ubuntu.com/ubuntu noble/main amd64 libv4lconvert0t64 amd64 1.26.1-4build3 [87.6 kB]
2026-09-08T22:03:42.3992504Z Get:99 http://azure.archive.ubuntu.com/ubuntu noble/main amd64 libv4l-0t64 amd64 1.26.1-4build3 [46.9 kB]
2026-09-08T22:03:42.4368713Z Get:100 http://azure.archive.ubuntu.com/ubuntu noble/main amd64 libwavpack1 amd64 5.6.0-1build1 [84.6 kB]
2026-09-08T22:03:42.4748021Z Get:101 http://azure.archive.ubuntu.com/ubuntu noble-updates/main amd64 libsoup-3.0-common all 3.4.4-5ubuntu0.7 [11.6 kB]
2026-09-08T22:03:42.5029589Z Get:102 http://azure.archive.ubuntu.com/ubuntu noble-updates/main amd64 libsoup-3.0-0 amd64 3.4.4-5ubuntu0.7 [292 kB]
2026-09-08T22:03:42.5346900Z Get:103 http://azure.archive.ubuntu.com/ubuntu noble-updates/main amd64 gstreamer1.0-plugins-good amd64 1.24.2-1ubuntu1.5 [2236 kB]
2026-09-08T22:03:42.6171234Z Get:104 http://azure.archive.ubuntu.com/ubuntu noble-updates/main amd64 libabsl20220623t64 amd64 20220623.1-3.1ubuntu3.2 [423 kB]
2026-09-08T22:03:42.8329099Z Get:105 http://azure.archive.ubuntu.com/ubuntu noble/universe amd64 libgav1-1 amd64 0.18.0-1build3 [357 kB]
2026-09-08T22:03:42.8881356Z Get:106 http://azure.archive.ubuntu.com/ubuntu noble/universe amd64 libyuv0 amd64 0.0~git202401110.af6ac82-1 [178 kB]
2026-09-08T22:03:42.9317696Z Get:107 http://azure.archive.ubuntu.com/ubuntu noble/universe amd64 libavif16 amd64 1.0.4-1ubuntu3 [91.2 kB]
2026-09-08T22:03:42.9708888Z Get:108 http://azure.archive.ubuntu.com/ubuntu noble/universe amd64 libavtp0 amd64 0.2.0-1build1 [6414 B]
2026-09-08T22:03:43.0060068Z Get:109 http://azure.archive.ubuntu.com/ubuntu noble/main amd64 libcairo-script-interpreter2 amd64 1.18.0-3build1 [60.3 kB]
2026-09-08T22:03:43.0430508Z Get:110 http://azure.archive.ubuntu.com/ubuntu noble/universe amd64 libdc1394-25 amd64 2.2.6-4build1 [90.1 kB]
2026-09-08T22:03:43.0836415Z Get:111 http://azure.archive.ubuntu.com/ubuntu noble-updates/main amd64 libde265-0 amd64 1.0.15-1ubuntu0.1 [167 kB]
2026-09-08T22:03:43.1298205Z Get:112 http://azure.archive.ubuntu.com/ubuntu noble/main amd64 libdecor-0-0 amd64 0.2.2-1build2 [16.5 kB]
2026-09-08T22:03:43.1654507Z Get:113 http://azure.archive.ubuntu.com/ubuntu noble/main amd64 libgles2 amd64 1.7.0-1build1 [17.1 kB]
2026-09-08T22:03:43.2027459Z Get:114 http://azure.archive.ubuntu.com/ubuntu noble/universe amd64 libdirectfb-1.7-7t64 amd64 1.7.7-11.1ubuntu2 [1035 kB]
2026-09-08T22:03:43.2924272Z Get:115 http://azure.archive.ubuntu.com/ubuntu noble/universe amd64 libdvdread8t64 amd64 6.1.3-1.1build1 [54.7 kB]
2026-09-08T22:03:43.3312892Z Get:116 http://azure.archive.ubuntu.com/ubuntu noble/universe amd64 libdvdnav4 amd64 6.1.1-3build1 [39.5 kB]
2026-09-08T22:03:43.3678281Z Get:117 http://azure.archive.ubuntu.com/ubuntu noble-updates/main amd64 libegl-mesa0 amd64 25.2.8-0ubuntu0.24.04.2 [117 kB]
2026-09-08T22:03:43.4075311Z Get:118 http://azure.archive.ubuntu.com/ubuntu noble-updates/main amd64 libevent-2.1-7t64 amd64 2.1.12-stable-9ubuntu2.1 [146 kB]
2026-09-08T22:03:43.4442508Z Get:119 http://azure.archive.ubuntu.com/ubuntu noble-updates/main amd64 libevent-pthreads-2.1-7t64 amd64 2.1.12-stable-9ubuntu2.1 [7984 B]
2026-09-08T22:03:43.4798396Z Get:120 http://azure.archive.ubuntu.com/ubuntu noble-updates/main amd64 libevent-core-2.1-7t64 amd64 2.1.12-stable-9ubuntu2.1 [91.8 kB]
2026-09-08T22:03:43.5630043Z Get:121 http://azure.archive.ubuntu.com/ubuntu noble/universe amd64 libfaad2 amd64 2.11.1-1build1 [207 kB]
2026-09-08T22:03:43.6003980Z Get:122 http://azure.archive.ubuntu.com/ubuntu noble/universe amd64 libinstpatch-1.0-2 amd64 1.1.6-1build2 [251 kB]
2026-09-08T22:03:43.6419655Z Get:123 http://azure.archive.ubuntu.com/ubuntu noble/main amd64 libjack-jackd2-0 amd64 1.9.21~dfsg-3ubuntu3 [289 kB]
2026-09-08T22:03:43.6852832Z Get:124 http://azure.archive.ubuntu.com/ubuntu noble/main amd64 libwebrtc-audio-processing1 amd64 0.3.1-0ubuntu6 [290 kB]
2026-09-08T22:03:43.7247689Z Get:125 http://azure.archive.ubuntu.com/ubuntu noble-updates/main amd64 libspa-0.2-modules amd64 1.0.5-1ubuntu3.3 [628 kB]
2026-09-08T22:03:43.7712884Z Get:126 http://azure.archive.ubuntu.com/ubuntu noble-updates/main amd64 libpipewire-0.3-0t64 amd64 1.0.5-1ubuntu3.3 [252 kB]
2026-09-08T22:03:43.8097836Z Get:127 http://azure.archive.ubuntu.com/ubuntu noble-updates/main amd64 libsdl2-2.0-0 amd64 2.30.0+dfsg-1ubuntu3.1 [686 kB]
2026-09-08T22:03:43.8584151Z Get:128 http://azure.archive.ubuntu.com/ubuntu noble/universe amd64 timgm6mb-soundfont all 1.3-5 [5427 kB]
2026-09-08T22:03:43.9769629Z Get:129 http://azure.archive.ubuntu.com/ubuntu noble/universe amd64 libfluidsynth3 amd64 2.3.4-1build3 [249 kB]
2026-09-08T22:03:44.0129126Z Get:130 http://azure.archive.ubuntu.com/ubuntu noble/main amd64 libfreeaptx0 amd64 0.1.1-2build1 [13.5 kB]
2026-09-08T22:03:44.0477510Z Get:131 http://azure.archive.ubuntu.com/ubuntu noble/main amd64 libgraphene-1.0-0 amd64 1.10.8-3build2 [46.2 kB]
2026-09-08T22:03:44.0830534Z Get:132 http://azure.archive.ubuntu.com/ubuntu noble/main amd64 libgssdp-1.6-0 amd64 1.6.3-1build3 [40.4 kB]
2026-09-08T22:03:44.1182121Z Get:133 http://azure.archive.ubuntu.com/ubuntu noble/main amd64 libegl1 amd64 1.7.0-1build1 [28.7 kB]
2026-09-08T22:03:44.1536819Z Get:134 http://azure.archive.ubuntu.com/ubuntu noble-updates/main amd64 libgstreamer-gl1.0-0 amd64 1.24.2-1ubuntu0.4 [214 kB]
2026-09-08T22:03:44.1899086Z Get:135 http://azure.archive.ubuntu.com/ubuntu noble-updates/main amd64 libgtk-4-common all 4.14.5+ds-0ubuntu0.10 [1497 kB]
2026-09-08T22:03:44.2333099Z Get:136 http://azure.archive.ubuntu.com/ubuntu noble-updates/main amd64 libgtk-4-1 amd64 4.14.5+ds-0ubuntu0.10 [3295 kB]
2026-09-08T22:03:44.3033411Z Get:137 http://azure.archive.ubuntu.com/ubuntu noble/main amd64 libgupnp-1.6-0 amd64 1.6.6-1build3 [92.7 kB]
2026-09-08T22:03:44.3411450Z Get:138 http://azure.archive.ubuntu.com/ubuntu noble/universe amd64 libgupnp-igd-1.6-0 amd64 1.6.0-3build3 [16.5 kB]
2026-09-08T22:03:44.4185021Z Get:139 http://azure.archive.ubuntu.com/ubuntu noble/main amd64 libharfbuzz-icu0 amd64 8.3.0-2build2 [13.3 kB]
2026-09-08T22:03:44.4535987Z Get:140 http://azure.archive.ubuntu.com/ubuntu noble/main amd64 libhyphen0 amd64 2.8.8-7build3 [26.5 kB]
2026-09-08T22:03:44.4888032Z Get:141 http://azure.archive.ubuntu.com/ubuntu noble/universe amd64 libimath-3-1-29t64 amd64 3.1.9-3.1ubuntu2 [72.2 kB]
2026-09-08T22:03:44.5245720Z Get:142 http://azure.archive.ubuntu.com/ubuntu noble/main amd64 liblc3-1 amd64 1.0.4-3build1 [69.7 kB]
2026-09-08T22:03:44.5619222Z Get:143 http://azure.archive.ubuntu.com/ubuntu noble/main amd64 libldacbt-enc2 amd64 2.0.2.3+git20200429+ed310a0-4ubuntu2 [27.1 kB]
2026-09-08T22:03:44.5970082Z Get:144 http://azure.archive.ubuntu.com/ubuntu noble-updates/main amd64 libraptor2-0 amd64 2.0.16-3ubuntu0.1 [165 kB]
2026-09-08T22:03:44.6330344Z Get:145 http://azure.archive.ubuntu.com/ubuntu noble/universe amd64 liblrdf0 amd64 0.6.1-4build1 [18.5 kB]
2026-09-08T22:03:44.6680791Z Get:146 http://azure.archive.ubuntu.com/ubuntu noble/universe amd64 libltc11 amd64 1.3.2-1build1 [13.0 kB]
2026-09-08T22:03:44.7036034Z Get:147 http://azure.archive.ubuntu.com/ubuntu noble/main amd64 libmanette-0.2-0 amd64 0.2.7-1build2 [30.6 kB]
2026-09-08T22:03:44.7385718Z Get:148 http://azure.archive.ubuntu.com/ubuntu noble/universe amd64 libmfx1 amd64 22.5.4-1 [3124 kB]
2026-09-08T22:03:44.7872040Z Get:149 http://azure.archive.ubuntu.com/ubuntu noble/universe amd64 libmjpegutils-2.1-0t64 amd64 1:2.1.0+debian-8.1build1 [25.5 kB]
2026-09-08T22:03:44.8228001Z Get:150 http://azure.archive.ubuntu.com/ubuntu noble/universe amd64 libmodplug1 amd64 1:0.8.9.0-3build1 [166 kB]
2026-09-08T22:03:44.8583344Z Get:151 http://azure.archive.ubuntu.com/ubuntu noble/universe amd64 libmpcdec6 amd64 2:0.1~r495-2build1 [32.7 kB]
2026-09-08T22:03:44.8938078Z Get:152 http://azure.archive.ubuntu.com/ubuntu noble/universe amd64 libmpeg2encpp-2.1-0t64 amd64 1:2.1.0+debian-8.1build1 [75.6 kB]
2026-09-08T22:03:44.9294335Z Get:153 http://azure.archive.ubuntu.com/ubuntu noble/universe amd64 libmplex2-2.1-0t64 amd64 1:2.1.0+debian-8.1build1 [46.1 kB]
2026-09-08T22:03:44.9644661Z Get:154 http://azure.archive.ubuntu.com/ubuntu noble/universe amd64 libneon27t64 amd64 0.33.0-1.1build3 [102 kB]
2026-09-08T22:03:45.0007598Z Get:155 http://azure.archive.ubuntu.com/ubuntu noble/universe amd64 libnice10 amd64 0.1.21-2build3 [157 kB]
2026-09-08T22:03:45.0369156Z Get:156 http://azure.archive.ubuntu.com/ubuntu noble/universe amd64 libopenal-data all 1:1.23.1-4build1 [161 kB]
2026-09-08T22:03:45.1149134Z Get:157 http://azure.archive.ubuntu.com/ubuntu noble/universe amd64 libopenexr-3-1-30 amd64 3.1.5-5.1build3 [1004 kB]
2026-09-08T22:03:45.1546650Z Get:158 http://azure.archive.ubuntu.com/ubuntu noble/universe amd64 libopenh264-7 amd64 2.4.1+dfsg-1 [409 kB]
2026-09-08T22:03:45.1926836Z Get:159 http://azure.archive.ubuntu.com/ubuntu noble/universe amd64 libopenni2-0 amd64 2.2.0.33+dfsg-18 [370 kB]
2026-09-08T22:03:45.2328749Z Get:160 http://azure.archive.ubuntu.com/ubuntu noble/universe amd64 libqrencode4 amd64 4.1.1-1build2 [25.0 kB]
2026-09-08T22:03:45.2681900Z Get:161 http://azure.archive.ubuntu.com/ubuntu noble/main amd64 libsecret-common all 0.21.4-1build3 [4962 B]
2026-09-08T22:03:45.3028943Z Get:162 http://azure.archive.ubuntu.com/ubuntu noble/main amd64 libsecret-1-0 amd64 0.21.4-1build3 [116 kB]
2026-09-08T22:03:45.3381264Z Get:163 http://azure.archive.ubuntu.com/ubuntu noble/universe amd64 libsndio7.0 amd64 1.9.0-0.3build3 [29.6 kB]
2026-09-08T22:03:45.3733530Z Get:164 http://azure.archive.ubuntu.com/ubuntu noble/universe amd64 libsoundtouch1 amd64 2.3.2+ds1-1build1 [60.5 kB]
2026-09-08T22:03:45.4093671Z Get:165 http://azure.archive.ubuntu.com/ubuntu noble/universe amd64 libspandsp2t64 amd64 0.0.6+dfsg-2.1build1 [311 kB]
2026-09-08T22:03:45.4456982Z Get:166 http://azure.archive.ubuntu.com/ubuntu noble/universe amd64 libsrtp2-1 amd64 2.5.0-3build1 [41.9 kB]
2026-09-08T22:03:45.4812171Z Get:167 http://azure.archive.ubuntu.com/ubuntu noble/main amd64 libwayland-server0 amd64 1.22.0-2.1build1 [33.9 kB]
2026-09-08T22:03:45.5167563Z Get:168 http://azure.archive.ubuntu.com/ubuntu noble/universe amd64 libwildmidi2 amd64 0.4.3-1build3 [68.5 kB]
2026-09-08T22:03:45.5521839Z Get:169 http://azure.archive.ubuntu.com/ubuntu noble/main amd64 libwoff1 amd64 1.0.2-2build1 [45.3 kB]
2026-09-08T22:03:45.5875495Z Get:170 http://azure.archive.ubuntu.com/ubuntu noble/main amd64 libxcb-xkb1 amd64 1.15-1ubuntu2 [32.3 kB]
2026-09-08T22:03:45.6226177Z Get:171 http://azure.archive.ubuntu.com/ubuntu noble/main amd64 libxkbcommon-x11-0 amd64 1.6.0-1build1 [14.5 kB]
2026-09-08T22:03:45.6575667Z Get:172 http://azure.archive.ubuntu.com/ubuntu noble/universe amd64 libzbar0t64 amd64 0.23.93-4build3 [123 kB]
2026-09-08T22:03:45.6933634Z Get:173 http://azure.archive.ubuntu.com/ubuntu noble/universe amd64 libzxing3 amd64 2.2.1-3 [583 kB]
2026-09-08T22:03:45.7308410Z Get:174 http://azure.archive.ubuntu.com/ubuntu noble/main amd64 xfonts-encodings all 1:1.0.5-0ubuntu2 [578 kB]
2026-09-08T22:03:45.7683331Z Get:175 http://azure.archive.ubuntu.com/ubuntu noble/main amd64 xfonts-utils amd64 1:7.7+6build3 [94.4 kB]
2026-09-08T22:03:45.8468295Z Get:176 http://azure.archive.ubuntu.com/ubuntu noble/universe amd64 xfonts-cyrillic all 1:1.0.5+nmu1 [384 kB]
2026-09-08T22:03:45.8848878Z Get:177 http://azure.archive.ubuntu.com/ubuntu noble/main amd64 xfonts-scalable all 1:1.0.3-1.3 [304 kB]
2026-09-08T22:03:45.9220171Z Get:178 http://azure.archive.ubuntu.com/ubuntu noble/universe amd64 libgstreamer-plugins-bad1.0-0 amd64 1.24.2-1ubuntu4 [797 kB]
2026-09-08T22:03:45.9645606Z Get:179 http://azure.archive.ubuntu.com/ubuntu noble/universe amd64 libdca0 amd64 0.0.7-2build1 [93.8 kB]
2026-09-08T22:03:45.9998482Z Get:180 http://azure.archive.ubuntu.com/ubuntu noble/universe amd64 libopenal1 amd64 1:1.23.1-4build1 [540 kB]
2026-09-08T22:03:46.0398009Z Get:181 http://azure.archive.ubuntu.com/ubuntu noble/main amd64 libsbc1 amd64 2.0-1build1 [33.9 kB]
2026-09-08T22:03:46.0814180Z Get:182 http://azure.archive.ubuntu.com/ubuntu noble/universe amd64 libvo-aacenc0 amd64 0.1.3-2build1 [67.8 kB]
2026-09-08T22:03:46.1185010Z Get:183 http://azure.archive.ubuntu.com/ubuntu noble/universe amd64 libvo-amrwbenc0 amd64 0.1.3-2build1 [76.7 kB]
2026-09-08T22:03:46.1569768Z Get:184 http://azure.archive.ubuntu.com/ubuntu noble/universe amd64 gstreamer1.0-plugins-bad amd64 1.24.2-1ubuntu4 [3081 kB]
2026-09-08T22:03:46.5985582Z Fetched 114 MB in 9s (13.2 MB/s)
2026-09-08T22:03:46.6256463Z Selecting previously unselected package fonts-ipafont-gothic.
2026-09-08T22:03:46.9621146Z (Reading database ... 
2026-09-08T22:03:46.9621484Z (Reading database ... 5%
2026-09-08T22:03:46.9622088Z (Reading database ... 10%
2026-09-08T22:03:46.9622372Z (Reading database ... 15%
2026-09-08T22:03:46.9622597Z (Reading database ... 20%
2026-09-08T22:03:46.9622873Z (Reading database ... 25%
2026-09-08T22:03:46.9623130Z (Reading database ... 30%
2026-09-08T22:03:46.9623402Z (Reading database ... 35%
2026-09-08T22:03:46.9623658Z (Reading database ... 40%
2026-09-08T22:03:46.9623895Z (Reading database ... 45%
2026-09-08T22:03:46.9624163Z (Reading database ... 50%
2026-09-08T22:03:46.9652492Z (Reading database ... 55%
2026-09-08T22:03:47.5119366Z (Reading database ... 60%
2026-09-08T22:03:48.0834741Z (Reading database ... 65%
2026-09-08T22:03:48.3851990Z (Reading database ... 70%
2026-09-08T22:03:48.6358431Z (Reading database ... 75%
2026-09-08T22:03:48.8443793Z (Reading database ... 80%
2026-09-08T22:03:49.0648977Z (Reading database ... 85%
2026-09-08T22:03:49.3480085Z (Reading database ... 90%
2026-09-08T22:03:50.0087086Z (Reading database ... 95%
2026-09-08T22:03:50.0087662Z (Reading database ... 100%
2026-09-08T22:03:50.0088495Z (Reading database ... 201676 files and directories currently installed.)
2026-09-08T22:03:50.0130881Z Preparing to unpack .../000-fonts-ipafont-gothic_00303-21ubuntu1_all.deb ...
2026-09-08T22:03:50.0199216Z Unpacking fonts-ipafont-gothic (00303-21ubuntu1) ...
2026-09-08T22:03:50.3943044Z Selecting previously unselected package fonts-freefont-ttf.
2026-09-08T22:03:50.4045161Z Preparing to unpack .../001-fonts-freefont-ttf_20211204+svn4273-2_all.deb ...
2026-09-08T22:03:50.4058393Z Unpacking fonts-freefont-ttf (20211204+svn4273-2) ...
2026-09-08T22:03:50.5973355Z Selecting previously unselected package fonts-tlwg-loma-otf.
2026-09-08T22:03:50.6071721Z Preparing to unpack .../002-fonts-tlwg-loma-otf_1%3a0.7.3-1_all.deb ...
2026-09-08T22:03:50.6089915Z Unpacking fonts-tlwg-loma-otf (1:0.7.3-1) ...
2026-09-08T22:03:50.6270853Z Selecting previously unselected package fonts-unifont.
2026-09-08T22:03:50.6364753Z Preparing to unpack .../003-fonts-unifont_1%3a15.1.01-1build1_all.deb ...
2026-09-08T22:03:50.6411967Z Unpacking fonts-unifont (1:15.1.01-1build1) ...
2026-09-08T22:03:51.0703504Z Selecting previously unselected package fonts-wqy-zenhei.
2026-09-08T22:03:51.0804877Z Preparing to unpack .../004-fonts-wqy-zenhei_0.9.45-8_all.deb ...
2026-09-08T22:03:51.0880114Z Unpacking fonts-wqy-zenhei (0.9.45-8) ...
2026-09-08T22:03:51.7939784Z Selecting previously unselected package libproxy1v5:amd64.
2026-09-08T22:03:51.8040902Z Preparing to unpack .../005-libproxy1v5_0.5.4-4build1_amd64.deb ...
2026-09-08T22:03:51.8068260Z Unpacking libproxy1v5:amd64 (0.5.4-4build1) ...
2026-09-08T22:03:51.8415759Z Selecting previously unselected package glib-networking-common.
2026-09-08T22:03:51.8510249Z Preparing to unpack .../006-glib-networking-common_2.80.0-1build1_all.deb ...
2026-09-08T22:03:51.8523682Z Unpacking glib-networking-common (2.80.0-1build1) ...
2026-09-08T22:03:51.8956047Z Selecting previously unselected package glib-networking-services.
2026-09-08T22:03:51.9043162Z Preparing to unpack .../007-glib-networking-services_2.80.0-1build1_amd64.deb ...
2026-09-08T22:03:51.9064234Z Unpacking glib-networking-services (2.80.0-1build1) ...
2026-09-08T22:03:52.1453966Z Selecting previously unselected package session-migration.
2026-09-08T22:03:52.1549960Z Preparing to unpack .../008-session-migration_0.3.9build1_amd64.deb ...
2026-09-08T22:03:52.1928209Z Unpacking session-migration (0.3.9build1) ...
2026-09-08T22:03:52.2707274Z Selecting previously unselected package gsettings-desktop-schemas.
2026-09-08T22:03:52.2803712Z Preparing to unpack .../009-gsettings-desktop-schemas_46.1-0ubuntu1_all.deb ...
2026-09-08T22:03:52.2816079Z Unpacking gsettings-desktop-schemas (46.1-0ubuntu1) ...
2026-09-08T22:03:52.4285312Z Selecting previously unselected package glib-networking:amd64.
2026-09-08T22:03:52.4379720Z Preparing to unpack .../010-glib-networking_2.80.0-1build1_amd64.deb ...
2026-09-08T22:03:52.4392252Z Unpacking glib-networking:amd64 (2.80.0-1build1) ...
2026-09-08T22:03:52.4756760Z Selecting previously unselected package libva2:amd64.
2026-09-08T22:03:52.4850136Z Preparing to unpack .../011-libva2_2.20.0-2ubuntu0.2_amd64.deb ...
2026-09-08T22:03:52.4862878Z Unpacking libva2:amd64 (2.20.0-2ubuntu0.2) ...
2026-09-08T22:03:52.5170594Z Selecting previously unselected package libva-drm2:amd64.
2026-09-08T22:03:52.5260235Z Preparing to unpack .../012-libva-drm2_2.20.0-2ubuntu0.2_amd64.deb ...
2026-09-08T22:03:52.5272081Z Unpacking libva-drm2:amd64 (2.20.0-2ubuntu0.2) ...
2026-09-08T22:03:52.5859832Z Selecting previously unselected package libva-x11-2:amd64.
2026-09-08T22:03:52.5951261Z Preparing to unpack .../013-libva-x11-2_2.20.0-2ubuntu0.2_amd64.deb ...
2026-09-08T22:03:52.5963564Z Unpacking libva-x11-2:amd64 (2.20.0-2ubuntu0.2) ...
2026-09-08T22:03:52.6138038Z Selecting previously unselected package libvdpau1:amd64.
2026-09-08T22:03:52.6225174Z Preparing to unpack .../014-libvdpau1_1.5-2build1_amd64.deb ...
2026-09-08T22:03:52.6237143Z Unpacking libvdpau1:amd64 (1.5-2build1) ...
2026-09-08T22:03:52.7417640Z Selecting previously unselected package libvpl2.
2026-09-08T22:03:52.7509351Z Preparing to unpack .../015-libvpl2_2023.3.0-1build1_amd64.deb ...
2026-09-08T22:03:52.7533875Z Unpacking libvpl2 (2023.3.0-1build1) ...
2026-09-08T22:03:52.7718843Z Selecting previously unselected package ocl-icd-libopencl1:amd64.
2026-09-08T22:03:52.7808171Z Preparing to unpack .../016-ocl-icd-libopencl1_2.3.2-1build1_amd64.deb ...
2026-09-08T22:03:52.7820748Z Unpacking ocl-icd-libopencl1:amd64 (2.3.2-1build1) ...
2026-09-08T22:03:52.9149519Z Selecting previously unselected package libavutil58:amd64.
2026-09-08T22:03:52.9244107Z Preparing to unpack .../017-libavutil58_7%3a6.1.1-3ubuntu5_amd64.deb ...
2026-09-08T22:03:52.9255524Z Unpacking libavutil58:amd64 (7:6.1.1-3ubuntu5) ...
2026-09-08T22:03:52.9479790Z Selecting previously unselected package libcodec2-1.2:amd64.
2026-09-08T22:03:52.9570785Z Preparing to unpack .../018-libcodec2-1.2_1.2.0-2build1_amd64.deb ...
2026-09-08T22:03:52.9583583Z Unpacking libcodec2-1.2:amd64 (1.2.0-2build1) ...
2026-09-08T22:03:53.2035027Z Selecting previously unselected package libdav1d7:amd64.
2026-09-08T22:03:53.2138512Z Preparing to unpack .../019-libdav1d7_1.4.1-1build1_amd64.deb ...
2026-09-08T22:03:53.2907704Z Unpacking libdav1d7:amd64 (1.4.1-1build1) ...
2026-09-08T22:03:53.4060945Z Selecting previously unselected package libgsm1:amd64.
2026-09-08T22:03:53.4160575Z Preparing to unpack .../020-libgsm1_1.0.22-1build1_amd64.deb ...
2026-09-08T22:03:53.4172893Z Unpacking libgsm1:amd64 (1.0.22-1build1) ...
2026-09-08T22:03:53.4410823Z Selecting previously unselected package libhwy1t64:amd64.
2026-09-08T22:03:53.4509429Z Preparing to unpack .../021-libhwy1t64_1.0.7-8.1build1_amd64.deb ...
2026-09-08T22:03:53.5543436Z Unpacking libhwy1t64:amd64 (1.0.7-8.1build1) ...
2026-09-08T22:03:53.6650253Z Selecting previously unselected package libjxl0.7:amd64.
2026-09-08T22:03:53.6753040Z Preparing to unpack .../022-libjxl0.7_0.7.0-10.2ubuntu6.1_amd64.deb ...
2026-09-08T22:03:53.6764787Z Unpacking libjxl0.7:amd64 (0.7.0-10.2ubuntu6.1) ...
2026-09-08T22:03:55.5021248Z Selecting previously unselected package libmp3lame0:amd64.
2026-09-08T22:03:55.5130990Z Preparing to unpack .../023-libmp3lame0_3.100-6build1_amd64.deb ...
2026-09-08T22:03:55.6120638Z Unpacking libmp3lame0:amd64 (3.100-6build1) ...
2026-09-08T22:03:56.2483419Z Selecting previously unselected package libopus0:amd64.
2026-09-08T22:03:56.2587175Z Preparing to unpack .../024-libopus0_1.4-1build1_amd64.deb ...
2026-09-08T22:03:56.5694518Z Unpacking libopus0:amd64 (1.4-1build1) ...
2026-09-08T22:03:57.3194143Z Selecting previously unselected package librav1e0:amd64.
2026-09-08T22:03:57.3292251Z Preparing to unpack .../025-librav1e0_0.7.1-2_amd64.deb ...
2026-09-08T22:03:57.3305275Z Unpacking librav1e0:amd64 (0.7.1-2) ...
2026-09-08T22:03:57.3679086Z Selecting previously unselected package librsvg2-2:amd64.
2026-09-08T22:03:57.3772566Z Preparing to unpack .../026-librsvg2-2_2.58.0+dfsg-1build1_amd64.deb ...
2026-09-08T22:03:57.4686703Z Unpacking librsvg2-2:amd64 (2.58.0+dfsg-1build1) ...
2026-09-08T22:03:57.5372193Z Selecting previously unselected package libshine3:amd64.
2026-09-08T22:03:57.5466908Z Preparing to unpack .../027-libshine3_3.1.1-2build1_amd64.deb ...
2026-09-08T22:03:57.5478716Z Unpacking libshine3:amd64 (3.1.1-2build1) ...
2026-09-08T22:03:57.7313984Z Selecting previously unselected package libspeex1:amd64.
2026-09-08T22:03:57.7414236Z Preparing to unpack .../028-libspeex1_1.2.1-2ubuntu2.24.04.1_amd64.deb ...
2026-09-08T22:03:57.7430845Z Unpacking libspeex1:amd64 (1.2.1-2ubuntu2.24.04.1) ...
2026-09-08T22:03:57.7619162Z Selecting previously unselected package libsvtav1enc1d1:amd64.
2026-09-08T22:03:57.7707938Z Preparing to unpack .../029-libsvtav1enc1d1_1.7.0+dfsg-2build1_amd64.deb ...
2026-09-08T22:03:57.7720900Z Unpacking libsvtav1enc1d1:amd64 (1.7.0+dfsg-2build1) ...
2026-09-08T22:03:57.9648253Z Selecting previously unselected package libsoxr0:amd64.
2026-09-08T22:03:57.9741033Z Preparing to unpack .../030-libsoxr0_0.1.3-4build3_amd64.deb ...
2026-09-08T22:03:57.9753861Z Unpacking libsoxr0:amd64 (0.1.3-4build3) ...
2026-09-08T22:03:57.9933234Z Selecting previously unselected package libswresample4:amd64.
2026-09-08T22:03:58.0022178Z Preparing to unpack .../031-libswresample4_7%3a6.1.1-3ubuntu5_amd64.deb ...
2026-09-08T22:03:58.0034072Z Unpacking libswresample4:amd64 (7:6.1.1-3ubuntu5) ...
2026-09-08T22:03:58.1616871Z Selecting previously unselected package libtheora0:amd64.
2026-09-08T22:03:58.1711240Z Preparing to unpack .../032-libtheora0_1.1.1+dfsg.1-16.1build3_amd64.deb ...
2026-09-08T22:03:58.1754226Z Unpacking libtheora0:amd64 (1.1.1+dfsg.1-16.1build3) ...
2026-09-08T22:03:58.1960868Z Selecting previously unselected package libtwolame0:amd64.
2026-09-08T22:03:58.2047292Z Preparing to unpack .../033-libtwolame0_0.4.0-2build3_amd64.deb ...
2026-09-08T22:03:58.2084112Z Unpacking libtwolame0:amd64 (0.4.0-2build3) ...
2026-09-08T22:03:58.2261879Z Selecting previously unselected package libvorbisenc2:amd64.
2026-09-08T22:03:58.2346484Z Preparing to unpack .../034-libvorbisenc2_1.3.7-1build3_amd64.deb ...
2026-09-08T22:03:58.2360050Z Unpacking libvorbisenc2:amd64 (1.3.7-1build3) ...
2026-09-08T22:03:58.2552726Z Selecting previously unselected package libvpx9:amd64.
2026-09-08T22:03:58.2633710Z Preparing to unpack .../035-libvpx9_1.14.0-1ubuntu2.3_amd64.deb ...
2026-09-08T22:03:58.2645777Z Unpacking libvpx9:amd64 (1.14.0-1ubuntu2.3) ...
2026-09-08T22:03:58.4148829Z Selecting previously unselected package libx264-164:amd64.
2026-09-08T22:03:58.4249434Z Preparing to unpack .../036-libx264-164_2%3a0.164.3108+git31e19f9-1_amd64.deb ...
2026-09-08T22:03:58.4265182Z Unpacking libx264-164:amd64 (2:0.164.3108+git31e19f9-1) ...
2026-09-08T22:03:58.4808051Z Selecting previously unselected package libx265-199:amd64.
2026-09-08T22:03:58.4901379Z Preparing to unpack .../037-libx265-199_3.5-2build1_amd64.deb ...
2026-09-08T22:03:58.4914407Z Unpacking libx265-199:amd64 (3.5-2build1) ...
2026-09-08T22:03:58.7427958Z Selecting previously unselected package libxvidcore4:amd64.
2026-09-08T22:03:58.7526663Z Preparing to unpack .../038-libxvidcore4_2%3a1.3.7-1build1_amd64.deb ...
2026-09-08T22:03:58.7546361Z Unpacking libxvidcore4:amd64 (2:1.3.7-1build1) ...
2026-09-08T22:03:58.7737889Z Selecting previously unselected package libzvbi-common.
2026-09-08T22:03:58.7833768Z Preparing to unpack .../039-libzvbi-common_0.2.42-2_all.deb ...
2026-09-08T22:03:58.7891815Z Unpacking libzvbi-common (0.2.42-2) ...
2026-09-08T22:03:58.9470661Z Selecting previously unselected package libzvbi0t64:amd64.
2026-09-08T22:03:58.9566576Z Preparing to unpack .../040-libzvbi0t64_0.2.42-2_amd64.deb ...
2026-09-08T22:03:58.9590185Z Unpacking libzvbi0t64:amd64 (0.2.42-2) ...
2026-09-08T22:03:59.1606188Z Selecting previously unselected package libavcodec60:amd64.
2026-09-08T22:03:59.1701961Z Preparing to unpack .../041-libavcodec60_7%3a6.1.1-3ubuntu5_amd64.deb ...
2026-09-08T22:03:59.2543064Z Unpacking libavcodec60:amd64 (7:6.1.1-3ubuntu5) ...
2026-09-08T22:03:59.4382462Z Selecting previously unselected package libunibreak5:amd64.
2026-09-08T22:03:59.4477124Z Preparing to unpack .../042-libunibreak5_5.1-2build1_amd64.deb ...
2026-09-08T22:03:59.4707281Z Unpacking libunibreak5:amd64 (5.1-2build1) ...
2026-09-08T22:03:59.5034851Z Selecting previously unselected package libass9:amd64.
2026-09-08T22:03:59.5124865Z Preparing to unpack .../043-libass9_1%3a0.17.1-2build1_amd64.deb ...
2026-09-08T22:03:59.5138137Z Unpacking libass9:amd64 (1:0.17.1-2build1) ...
2026-09-08T22:03:59.5335612Z Selecting previously unselected package libudfread0:amd64.
2026-09-08T22:03:59.5414430Z Preparing to unpack .../044-libudfread0_1.1.2-1build1_amd64.deb ...
2026-09-08T22:03:59.5428200Z Unpacking libudfread0:amd64 (1.1.2-1build1) ...
2026-09-08T22:03:59.5605727Z Selecting previously unselected package libbluray2:amd64.
2026-09-08T22:03:59.5684965Z Preparing to unpack .../045-libbluray2_1%3a1.3.4-1build1_amd64.deb ...
2026-09-08T22:03:59.5698175Z Unpacking libbluray2:amd64 (1:1.3.4-1build1) ...
2026-09-08T22:03:59.8429798Z Selecting previously unselected package libchromaprint1:amd64.
2026-09-08T22:03:59.8510848Z Preparing to unpack .../046-libchromaprint1_1.5.1-5_amd64.deb ...
2026-09-08T22:03:59.8524425Z Unpacking libchromaprint1:amd64 (1.5.1-5) ...
2026-09-08T22:03:59.8707143Z Selecting previously unselected package libgme0:amd64.
2026-09-08T22:03:59.8786371Z Preparing to unpack .../047-libgme0_0.6.3-7build1_amd64.deb ...
2026-09-08T22:03:59.8832184Z Unpacking libgme0:amd64 (0.6.3-7build1) ...
2026-09-08T22:04:00.0319579Z Selecting previously unselected package libmpg123-0t64:amd64.
2026-09-08T22:04:00.0400480Z Preparing to unpack .../048-libmpg123-0t64_1.32.5-1ubuntu1.1_amd64.deb ...
2026-09-08T22:04:00.0428646Z Unpacking libmpg123-0t64:amd64 (1.32.5-1ubuntu1.1) ...
2026-09-08T22:04:00.2954491Z Selecting previously unselected package libopenmpt0t64:amd64.
2026-09-08T22:04:00.3037542Z Preparing to unpack .../049-libopenmpt0t64_0.7.3-1.1build3_amd64.deb ...
2026-09-08T22:04:00.3049420Z Unpacking libopenmpt0t64:amd64 (0.7.3-1.1build3) ...
2026-09-08T22:04:00.3283408Z Selecting previously unselected package libcjson1:amd64.
2026-09-08T22:04:00.3365879Z Preparing to unpack .../050-libcjson1_1.7.17-1_amd64.deb ...
2026-09-08T22:04:00.3382387Z Unpacking libcjson1:amd64 (1.7.17-1) ...
2026-09-08T22:04:00.7548377Z Selecting previously unselected package libmbedcrypto7t64:amd64.
2026-09-08T22:04:00.7656800Z Preparing to unpack .../051-libmbedcrypto7t64_2.28.8-1_amd64.deb ...
2026-09-08T22:04:00.7698631Z Unpacking libmbedcrypto7t64:amd64 (2.28.8-1) ...
2026-09-08T22:04:00.7930507Z Selecting previously unselected package librist4:amd64.
2026-09-08T22:04:00.8023617Z Preparing to unpack .../052-librist4_0.2.10+dfsg-2_amd64.deb ...
2026-09-08T22:04:00.8081914Z Unpacking librist4:amd64 (0.2.10+dfsg-2) ...
2026-09-08T22:04:00.8277797Z Selecting previously unselected package libsrt1.5-gnutls:amd64.
2026-09-08T22:04:00.8369905Z Preparing to unpack .../053-libsrt1.5-gnutls_1.5.3-1build2_amd64.deb ...
2026-09-08T22:04:00.8382037Z Unpacking libsrt1.5-gnutls:amd64 (1.5.3-1build2) ...
2026-09-08T22:04:00.9431313Z Selecting previously unselected package libssh-gcrypt-4:amd64.
2026-09-08T22:04:00.9519255Z Preparing to unpack .../054-libssh-gcrypt-4_0.10.6-2ubuntu0.5_amd64.deb ...
2026-09-08T22:04:00.9532856Z Unpacking libssh-gcrypt-4:amd64 (0.10.6-2ubuntu0.5) ...
2026-09-08T22:04:01.0002131Z Selecting previously unselected package libavformat60:amd64.
2026-09-08T22:04:01.0092786Z Preparing to unpack .../055-libavformat60_7%3a6.1.1-3ubuntu5_amd64.deb ...
2026-09-08T22:04:01.0165694Z Unpacking libavformat60:amd64 (7:6.1.1-3ubuntu5) ...
2026-09-08T22:04:01.1736864Z Selecting previously unselected package libbs2b0:amd64.
2026-09-08T22:04:01.1830542Z Preparing to unpack .../056-libbs2b0_3.1.0+dfsg-7build1_amd64.deb ...
2026-09-08T22:04:01.1844218Z Unpacking libbs2b0:amd64 (3.1.0+dfsg-7build1) ...
2026-09-08T22:04:01.2059976Z Selecting previously unselected package libflite1:amd64.
2026-09-08T22:04:01.2151809Z Preparing to unpack .../057-libflite1_2.2-6build3_amd64.deb ...
2026-09-08T22:04:01.2164266Z Unpacking libflite1:amd64 (2.2-6build3) ...
2026-09-08T22:04:01.5144900Z Selecting previously unselected package libserd-0-0:amd64.
2026-09-08T22:04:01.5237110Z Preparing to unpack .../058-libserd-0-0_0.32.2-1_amd64.deb ...
2026-09-08T22:04:01.6852239Z Unpacking libserd-0-0:amd64 (0.32.2-1) ...
2026-09-08T22:04:01.7174568Z Selecting previously unselected package libzix-0-0:amd64.
2026-09-08T22:04:01.7266388Z Preparing to unpack .../059-libzix-0-0_0.4.2-2build1_amd64.deb ...
2026-09-08T22:04:01.7280692Z Unpacking libzix-0-0:amd64 (0.4.2-2build1) ...
2026-09-08T22:04:01.7477077Z Selecting previously unselected package libsord-0-0:amd64.
2026-09-08T22:04:01.7567262Z Preparing to unpack .../060-libsord-0-0_0.16.16-2build1_amd64.deb ...
2026-09-08T22:04:01.9536033Z Unpacking libsord-0-0:amd64 (0.16.16-2build1) ...
2026-09-08T22:04:02.1708192Z Selecting previously unselected package libsratom-0-0:amd64.
2026-09-08T22:04:02.1811800Z Preparing to unpack .../061-libsratom-0-0_0.6.16-1build1_amd64.deb ...
2026-09-08T22:04:02.2049076Z Unpacking libsratom-0-0:amd64 (0.6.16-1build1) ...
2026-09-08T22:04:02.3829142Z Selecting previously unselected package liblilv-0-0:amd64.
2026-09-08T22:04:02.3932175Z Preparing to unpack .../062-liblilv-0-0_0.24.22-1build1_amd64.deb ...
2026-09-08T22:04:02.3946034Z Unpacking liblilv-0-0:amd64 (0.24.22-1build1) ...
2026-09-08T22:04:02.8816303Z Selecting previously unselected package libmysofa1:amd64.
2026-09-08T22:04:02.8915560Z Preparing to unpack .../063-libmysofa1_1.3.2+dfsg-2ubuntu2_amd64.deb ...
2026-09-08T22:04:02.8934507Z Unpacking libmysofa1:amd64 (1.3.2+dfsg-2ubuntu2) ...
2026-09-08T22:04:02.9844981Z Selecting previously unselected package libplacebo338:amd64.
2026-09-08T22:04:02.9951317Z Preparing to unpack .../064-libplacebo338_6.338.2-2build1_amd64.deb ...
2026-09-08T22:04:02.9963982Z Unpacking libplacebo338:amd64 (6.338.2-2build1) ...
2026-09-08T22:04:03.1190647Z Selecting previously unselected package libblas3:amd64.
2026-09-08T22:04:03.1291122Z Preparing to unpack .../065-libblas3_3.12.0-3build1.1_amd64.deb ...
2026-09-08T22:04:03.1329332Z Unpacking libblas3:amd64 (3.12.0-3build1.1) ...
2026-09-08T22:04:03.1570755Z Selecting previously unselected package liblapack3:amd64.
2026-09-08T22:04:03.1667457Z Preparing to unpack .../066-liblapack3_3.12.0-3build1.1_amd64.deb ...
2026-09-08T22:04:03.1695198Z Unpacking liblapack3:amd64 (3.12.0-3build1.1) ...
2026-09-08T22:04:03.4851458Z Selecting previously unselected package libasyncns0:amd64.
2026-09-08T22:04:03.4958847Z Preparing to unpack .../067-libasyncns0_0.8-6build4_amd64.deb ...
2026-09-08T22:04:03.4972431Z Unpacking libasyncns0:amd64 (0.8-6build4) ...
2026-09-08T22:04:03.5173306Z Selecting previously unselected package libflac12t64:amd64.
2026-09-08T22:04:03.5278034Z Preparing to unpack .../068-libflac12t64_1.4.3+ds-2.1ubuntu2_amd64.deb ...
2026-09-08T22:04:03.5328724Z Unpacking libflac12t64:amd64 (1.4.3+ds-2.1ubuntu2) ...
2026-09-08T22:04:03.6351377Z Selecting previously unselected package libsndfile1:amd64.
2026-09-08T22:04:03.6456193Z Preparing to unpack .../069-libsndfile1_1.2.2-1ubuntu5.24.04.1_amd64.deb ...
2026-09-08T22:04:03.6469912Z Unpacking libsndfile1:amd64 (1.2.2-1ubuntu5.24.04.1) ...
2026-09-08T22:04:03.7616359Z Selecting previously unselected package libpulse0:amd64.
2026-09-08T22:04:03.7713565Z Preparing to unpack .../070-libpulse0_1%3a16.1+dfsg1-2ubuntu10.1_amd64.deb ...
2026-09-08T22:04:03.7769203Z Unpacking libpulse0:amd64 (1:16.1+dfsg1-2ubuntu10.1) ...
2026-09-08T22:04:03.8176840Z Selecting previously unselected package libsphinxbase3t64:amd64.
2026-09-08T22:04:03.8267007Z Preparing to unpack .../071-libsphinxbase3t64_0.8+5prealpha+1-17build2_amd64.deb ...
2026-09-08T22:04:03.8398382Z Unpacking libsphinxbase3t64:amd64 (0.8+5prealpha+1-17build2) ...
2026-09-08T22:04:03.8730168Z Selecting previously unselected package libpocketsphinx3:amd64.
2026-09-08T22:04:03.8815692Z Preparing to unpack .../072-libpocketsphinx3_0.8.0+real5prealpha+1-15ubuntu5_amd64.deb ...
2026-09-08T22:04:03.8829267Z Unpacking libpocketsphinx3:amd64 (0.8.0+real5prealpha+1-15ubuntu5) ...
2026-09-08T22:04:03.9390521Z Selecting previously unselected package libpostproc57:amd64.
2026-09-08T22:04:03.9473651Z Preparing to unpack .../073-libpostproc57_7%3a6.1.1-3ubuntu5_amd64.deb ...
2026-09-08T22:04:04.0047612Z Unpacking libpostproc57:amd64 (7:6.1.1-3ubuntu5) ...
2026-09-08T22:04:04.0720910Z Selecting previously unselected package libsamplerate0:amd64.
2026-09-08T22:04:04.0809980Z Preparing to unpack .../074-libsamplerate0_0.2.2-4build1_amd64.deb ...
2026-09-08T22:04:04.1177756Z Unpacking libsamplerate0:amd64 (0.2.2-4build1) ...
2026-09-08T22:04:04.2936428Z Selecting previously unselected package librubberband2:amd64.
2026-09-08T22:04:04.3037450Z Preparing to unpack .../075-librubberband2_3.3.0+dfsg-2build1_amd64.deb ...
2026-09-08T22:04:04.3727165Z Unpacking librubberband2:amd64 (3.3.0+dfsg-2build1) ...
2026-09-08T22:04:04.4150135Z Selecting previously unselected package libswscale7:amd64.
2026-09-08T22:04:04.4245362Z Preparing to unpack .../076-libswscale7_7%3a6.1.1-3ubuntu5_amd64.deb ...
2026-09-08T22:04:04.4432596Z Unpacking libswscale7:amd64 (7:6.1.1-3ubuntu5) ...
2026-09-08T22:04:04.4863814Z Selecting previously unselected package libvidstab1.1:amd64.
2026-09-08T22:04:04.4957495Z Preparing to unpack .../077-libvidstab1.1_1.1.0-2build1_amd64.deb ...
2026-09-08T22:04:04.5413599Z Unpacking libvidstab1.1:amd64 (1.1.0-2build1) ...
2026-09-08T22:04:04.5603621Z Selecting previously unselected package libzimg2:amd64.
2026-09-08T22:04:04.5694087Z Preparing to unpack .../078-libzimg2_3.0.5+ds1-1build1_amd64.deb ...
2026-09-08T22:04:04.7963143Z Unpacking libzimg2:amd64 (3.0.5+ds1-1build1) ...
2026-09-08T22:04:04.8182858Z Selecting previously unselected package libavfilter9:amd64.
2026-09-08T22:04:04.8274476Z Preparing to unpack .../079-libavfilter9_7%3a6.1.1-3ubuntu5_amd64.deb ...
2026-09-08T22:04:04.8335645Z Unpacking libavfilter9:amd64 (7:6.1.1-3ubuntu5) ...
2026-09-08T22:04:04.9772359Z Selecting previously unselected package liborc-0.4-0t64:amd64.
2026-09-08T22:04:04.9866163Z Preparing to unpack .../080-liborc-0.4-0t64_1%3a0.4.38-1ubuntu0.1_amd64.deb ...
2026-09-08T22:04:04.9879068Z Unpacking liborc-0.4-0t64:amd64 (1:0.4.38-1ubuntu0.1) ...
2026-09-08T22:04:05.0116351Z Selecting previously unselected package libgstreamer-plugins-base1.0-0:amd64.
2026-09-08T22:04:05.0208934Z Preparing to unpack .../081-libgstreamer-plugins-base1.0-0_1.24.2-1ubuntu0.4_amd64.deb ...
2026-09-08T22:04:05.0227159Z Unpacking libgstreamer-plugins-base1.0-0:amd64 (1.24.2-1ubuntu0.4) ...
2026-09-08T22:04:05.0879829Z Selecting previously unselected package gstreamer1.0-libav:amd64.
2026-09-08T22:04:05.0966947Z Preparing to unpack .../082-gstreamer1.0-libav_1.24.1-1build1_amd64.deb ...
2026-09-08T22:04:05.3091103Z Unpacking gstreamer1.0-libav:amd64 (1.24.1-1build1) ...
2026-09-08T22:04:05.5017597Z Selecting previously unselected package libcdparanoia0:amd64.
2026-09-08T22:04:05.5106877Z Preparing to unpack .../083-libcdparanoia0_3.10.2+debian-14build3_amd64.deb ...
2026-09-08T22:04:05.5120529Z Unpacking libcdparanoia0:amd64 (3.10.2+debian-14build3) ...
2026-09-08T22:04:05.5311920Z Selecting previously unselected package libvisual-0.4-0:amd64.
2026-09-08T22:04:05.5402622Z Preparing to unpack .../084-libvisual-0.4-0_0.4.2-2build1_amd64.deb ...
2026-09-08T22:04:05.5416164Z Unpacking libvisual-0.4-0:amd64 (0.4.2-2build1) ...
2026-09-08T22:04:05.5599469Z Selecting previously unselected package gstreamer1.0-plugins-base:amd64.
2026-09-08T22:04:05.5685240Z Preparing to unpack .../085-gstreamer1.0-plugins-base_1.24.2-1ubuntu0.4_amd64.deb ...
2026-09-08T22:04:05.5697504Z Unpacking gstreamer1.0-plugins-base:amd64 (1.24.2-1ubuntu0.4) ...
2026-09-08T22:04:06.0962531Z Selecting previously unselected package libaa1:amd64.
2026-09-08T22:04:06.1064121Z Preparing to unpack .../086-libaa1_1.4p5-51.1_amd64.deb ...
2026-09-08T22:04:06.1090674Z Unpacking libaa1:amd64 (1.4p5-51.1) ...
2026-09-08T22:04:06.3758543Z Selecting previously unselected package libraw1394-11:amd64.
2026-09-08T22:04:06.3853328Z Preparing to unpack .../087-libraw1394-11_2.1.2-2build3_amd64.deb ...
2026-09-08T22:04:06.3866719Z Unpacking libraw1394-11:amd64 (2.1.2-2build3) ...
2026-09-08T22:04:06.4662777Z Selecting previously unselected package libavc1394-0:amd64.
2026-09-08T22:04:06.4753385Z Preparing to unpack .../088-libavc1394-0_0.5.4-5build3_amd64.deb ...
2026-09-08T22:04:06.4767306Z Unpacking libavc1394-0:amd64 (0.5.4-5build3) ...
2026-09-08T22:04:06.4945480Z Selecting previously unselected package libcaca0:amd64.
2026-09-08T22:04:06.5030509Z Preparing to unpack .../089-libcaca0_0.99.beta20-4ubuntu0.2_amd64.deb ...
2026-09-08T22:04:06.5045137Z Unpacking libcaca0:amd64 (0.99.beta20-4ubuntu0.2) ...
2026-09-08T22:04:06.5278012Z Selecting previously unselected package libdv4t64:amd64.
2026-09-08T22:04:06.5359833Z Preparing to unpack .../090-libdv4t64_1.0.0-17.1build1_amd64.deb ...
2026-09-08T22:04:06.5374456Z Unpacking libdv4t64:amd64 (1.0.0-17.1build1) ...
2026-09-08T22:04:06.6232425Z Selecting previously unselected package libgstreamer-plugins-good1.0-0:amd64.
2026-09-08T22:04:06.6318801Z Preparing to unpack .../091-libgstreamer-plugins-good1.0-0_1.24.2-1ubuntu1.5_amd64.deb ...
2026-09-08T22:04:06.6933077Z Unpacking libgstreamer-plugins-good1.0-0:amd64 (1.24.2-1ubuntu1.5) ...
2026-09-08T22:04:06.7140892Z Selecting previously unselected package libiec61883-0:amd64.
2026-09-08T22:04:06.7224951Z Preparing to unpack .../092-libiec61883-0_1.2.0-6build1_amd64.deb ...
2026-09-08T22:04:06.7251476Z Unpacking libiec61883-0:amd64 (1.2.0-6build1) ...
2026-09-08T22:04:06.8269761Z Selecting previously unselected package libshout3:amd64.
2026-09-08T22:04:06.8355731Z Preparing to unpack .../093-libshout3_2.4.6-1build2_amd64.deb ...
2026-09-08T22:04:06.8826729Z Unpacking libshout3:amd64 (2.4.6-1build2) ...
2026-09-08T22:04:06.9406615Z Selecting previously unselected package libtag1v5-vanilla:amd64.
2026-09-08T22:04:06.9491998Z Preparing to unpack .../094-libtag1v5-vanilla_1.13.1-1build1_amd64.deb ...
2026-09-08T22:04:07.1349542Z Unpacking libtag1v5-vanilla:amd64 (1.13.1-1build1) ...
2026-09-08T22:04:07.3117870Z Selecting previously unselected package libtag1v5:amd64.
2026-09-08T22:04:07.3214318Z Preparing to unpack .../095-libtag1v5_1.13.1-1build1_amd64.deb ...
2026-09-08T22:04:07.3228380Z Unpacking libtag1v5:amd64 (1.13.1-1build1) ...
2026-09-08T22:04:07.6713239Z Selecting previously unselected package libv4lconvert0t64:amd64.
2026-09-08T22:04:07.6806854Z Preparing to unpack .../096-libv4lconvert0t64_1.26.1-4build3_amd64.deb ...
2026-09-08T22:04:07.6820969Z Unpacking libv4lconvert0t64:amd64 (1.26.1-4build3) ...
2026-09-08T22:04:07.8232854Z Selecting previously unselected package libv4l-0t64:amd64.
2026-09-08T22:04:07.8324684Z Preparing to unpack .../097-libv4l-0t64_1.26.1-4build3_amd64.deb ...
2026-09-08T22:04:07.8354353Z Unpacking libv4l-0t64:amd64 (1.26.1-4build3) ...
2026-09-08T22:04:07.9220260Z Selecting previously unselected package libwavpack1:amd64.
2026-09-08T22:04:07.9308086Z Preparing to unpack .../098-libwavpack1_5.6.0-1build1_amd64.deb ...
2026-09-08T22:04:07.9323533Z Unpacking libwavpack1:amd64 (5.6.0-1build1) ...
2026-09-08T22:04:07.9731111Z Selecting previously unselected package libsoup-3.0-common.
2026-09-08T22:04:07.9815978Z Preparing to unpack .../099-libsoup-3.0-common_3.4.4-5ubuntu0.7_all.deb ...
2026-09-08T22:04:07.9828549Z Unpacking libsoup-3.0-common (3.4.4-5ubuntu0.7) ...
2026-09-08T22:04:08.0098328Z Selecting previously unselected package libsoup-3.0-0:amd64.
2026-09-08T22:04:08.0182803Z Preparing to unpack .../100-libsoup-3.0-0_3.4.4-5ubuntu0.7_amd64.deb ...
2026-09-08T22:04:08.0764016Z Unpacking libsoup-3.0-0:amd64 (3.4.4-5ubuntu0.7) ...
2026-09-08T22:04:09.4255333Z Selecting previously unselected package gstreamer1.0-plugins-good:amd64.
2026-09-08T22:04:09.4357719Z Preparing to unpack .../101-gstreamer1.0-plugins-good_1.24.2-1ubuntu1.5_amd64.deb ...
2026-09-08T22:04:09.4448738Z Unpacking gstreamer1.0-plugins-good:amd64 (1.24.2-1ubuntu1.5) ...
2026-09-08T22:04:09.5282400Z Selecting previously unselected package libabsl20220623t64:amd64.
2026-09-08T22:04:09.5388957Z Preparing to unpack .../102-libabsl20220623t64_20220623.1-3.1ubuntu3.2_amd64.deb ...
2026-09-08T22:04:09.5402466Z Unpacking libabsl20220623t64:amd64 (20220623.1-3.1ubuntu3.2) ...
2026-09-08T22:04:09.6093899Z Selecting previously unselected package libgav1-1:amd64.
2026-09-08T22:04:09.6196448Z Preparing to unpack .../103-libgav1-1_0.18.0-1build3_amd64.deb ...
2026-09-08T22:04:09.6224734Z Unpacking libgav1-1:amd64 (0.18.0-1build3) ...
2026-09-08T22:04:09.6582541Z Selecting previously unselected package libyuv0:amd64.
2026-09-08T22:04:09.6680793Z Preparing to unpack .../104-libyuv0_0.0~git202401110.af6ac82-1_amd64.deb ...
2026-09-08T22:04:09.8874639Z Unpacking libyuv0:amd64 (0.0~git202401110.af6ac82-1) ...
2026-09-08T22:04:09.9427213Z Selecting previously unselected package libavif16:amd64.
2026-09-08T22:04:09.9527164Z Preparing to unpack .../105-libavif16_1.0.4-1ubuntu3_amd64.deb ...
2026-09-08T22:04:10.0148371Z Unpacking libavif16:amd64 (1.0.4-1ubuntu3) ...
2026-09-08T22:04:10.2403016Z Selecting previously unselected package libavtp0:amd64.
2026-09-08T22:04:10.2501985Z Preparing to unpack .../106-libavtp0_0.2.0-1build1_amd64.deb ...
2026-09-08T22:04:10.2589703Z Unpacking libavtp0:amd64 (0.2.0-1build1) ...
2026-09-08T22:04:10.2780289Z Selecting previously unselected package libcairo-script-interpreter2:amd64.
2026-09-08T22:04:10.2875424Z Preparing to unpack .../107-libcairo-script-interpreter2_1.18.0-3build1_amd64.deb ...
2026-09-08T22:04:10.2888825Z Unpacking libcairo-script-interpreter2:amd64 (1.18.0-3build1) ...
2026-09-08T22:04:10.3385372Z Selecting previously unselected package libdc1394-25:amd64.
2026-09-08T22:04:10.3470140Z Preparing to unpack .../108-libdc1394-25_2.2.6-4build1_amd64.deb ...
2026-09-08T22:04:10.3483111Z Unpacking libdc1394-25:amd64 (2.2.6-4build1) ...
2026-09-08T22:04:10.5756465Z Selecting previously unselected package libde265-0:amd64.
2026-09-08T22:04:10.5850477Z Preparing to unpack .../109-libde265-0_1.0.15-1ubuntu0.1_amd64.deb ...
2026-09-08T22:04:10.6660651Z Unpacking libde265-0:amd64 (1.0.15-1ubuntu0.1) ...
2026-09-08T22:04:10.7302832Z Selecting previously unselected package libdecor-0-0:amd64.
2026-09-08T22:04:10.7395191Z Preparing to unpack .../110-libdecor-0-0_0.2.2-1build2_amd64.deb ...
2026-09-08T22:04:10.7408475Z Unpacking libdecor-0-0:amd64 (0.2.2-1build2) ...
2026-09-08T22:04:10.7596780Z Selecting previously unselected package libgles2:amd64.
2026-09-08T22:04:10.7686540Z Preparing to unpack .../111-libgles2_1.7.0-1build1_amd64.deb ...
2026-09-08T22:04:10.7750962Z Unpacking libgles2:amd64 (1.7.0-1build1) ...
2026-09-08T22:04:10.9198893Z Selecting previously unselected package libdirectfb-1.7-7t64:amd64.
2026-09-08T22:04:10.9296835Z Preparing to unpack .../112-libdirectfb-1.7-7t64_1.7.7-11.1ubuntu2_amd64.deb ...
2026-09-08T22:04:10.9315868Z Unpacking libdirectfb-1.7-7t64:amd64 (1.7.7-11.1ubuntu2) ...
2026-09-08T22:04:11.1516358Z Selecting previously unselected package libdvdread8t64:amd64.
2026-09-08T22:04:11.1608988Z Preparing to unpack .../113-libdvdread8t64_6.1.3-1.1build1_amd64.deb ...
2026-09-08T22:04:11.1624639Z Unpacking libdvdread8t64:amd64 (6.1.3-1.1build1) ...
2026-09-08T22:04:11.2796619Z Selecting previously unselected package libdvdnav4:amd64.
2026-09-08T22:04:11.2885108Z Preparing to unpack .../114-libdvdnav4_6.1.1-3build1_amd64.deb ...
2026-09-08T22:04:11.2897692Z Unpacking libdvdnav4:amd64 (6.1.1-3build1) ...
2026-09-08T22:04:11.3271805Z Selecting previously unselected package libegl-mesa0:amd64.
2026-09-08T22:04:11.3353564Z Preparing to unpack .../115-libegl-mesa0_25.2.8-0ubuntu0.24.04.2_amd64.deb ...
2026-09-08T22:04:11.3371112Z Unpacking libegl-mesa0:amd64 (25.2.8-0ubuntu0.24.04.2) ...
2026-09-08T22:04:11.3653456Z Selecting previously unselected package libevent-2.1-7t64:amd64.
2026-09-08T22:04:11.3731919Z Preparing to unpack .../116-libevent-2.1-7t64_2.1.12-stable-9ubuntu2.1_amd64.deb ...
2026-09-08T22:04:11.3750633Z Unpacking libevent-2.1-7t64:amd64 (2.1.12-stable-9ubuntu2.1) ...
2026-09-08T22:04:11.4028309Z Preparing to unpack .../117-libevent-pthreads-2.1-7t64_2.1.12-stable-9ubuntu2.1_amd64.deb ...
2026-09-08T22:04:11.4225380Z Unpacking libevent-pthreads-2.1-7t64:amd64 (2.1.12-stable-9ubuntu2.1) over (2.1.12-stable-9ubuntu2) ...
2026-09-08T22:04:11.5340337Z Preparing to unpack .../118-libevent-core-2.1-7t64_2.1.12-stable-9ubuntu2.1_amd64.deb ...
2026-09-08T22:04:11.5545548Z Unpacking libevent-core-2.1-7t64:amd64 (2.1.12-stable-9ubuntu2.1) over (2.1.12-stable-9ubuntu2) ...
2026-09-08T22:04:11.7193207Z Selecting previously unselected package libfaad2:amd64.
2026-09-08T22:04:11.7283397Z Preparing to unpack .../119-libfaad2_2.11.1-1build1_amd64.deb ...
2026-09-08T22:04:11.7338851Z Unpacking libfaad2:amd64 (2.11.1-1build1) ...
2026-09-08T22:04:12.5007587Z Selecting previously unselected package libinstpatch-1.0-2:amd64.
2026-09-08T22:04:12.5126599Z Preparing to unpack .../120-libinstpatch-1.0-2_1.1.6-1build2_amd64.deb ...
2026-09-08T22:04:12.5140323Z Unpacking libinstpatch-1.0-2:amd64 (1.1.6-1build2) ...
2026-09-08T22:04:12.6685345Z Selecting previously unselected package libjack-jackd2-0:amd64.
2026-09-08T22:04:12.6796706Z Preparing to unpack .../121-libjack-jackd2-0_1.9.21~dfsg-3ubuntu3_amd64.deb ...
2026-09-08T22:04:12.7057022Z Unpacking libjack-jackd2-0:amd64 (1.9.21~dfsg-3ubuntu3) ...
2026-09-08T22:04:12.7351734Z Selecting previously unselected package libwebrtc-audio-processing1:amd64.
2026-09-08T22:04:12.7445614Z Preparing to unpack .../122-libwebrtc-audio-processing1_0.3.1-0ubuntu6_amd64.deb ...
2026-09-08T22:04:12.7469167Z Unpacking libwebrtc-audio-processing1:amd64 (0.3.1-0ubuntu6) ...
2026-09-08T22:04:12.7788642Z Selecting previously unselected package libspa-0.2-modules:amd64.
2026-09-08T22:04:12.7879225Z Preparing to unpack .../123-libspa-0.2-modules_1.0.5-1ubuntu3.3_amd64.deb ...
2026-09-08T22:04:12.7897782Z Unpacking libspa-0.2-modules:amd64 (1.0.5-1ubuntu3.3) ...
2026-09-08T22:04:12.8259059Z Selecting previously unselected package libpipewire-0.3-0t64:amd64.
2026-09-08T22:04:12.8346309Z Preparing to unpack .../124-libpipewire-0.3-0t64_1.0.5-1ubuntu3.3_amd64.deb ...
2026-09-08T22:04:12.8358000Z Unpacking libpipewire-0.3-0t64:amd64 (1.0.5-1ubuntu3.3) ...
2026-09-08T22:04:12.9398568Z Selecting previously unselected package libsdl2-2.0-0:amd64.
2026-09-08T22:04:12.9483451Z Preparing to unpack .../125-libsdl2-2.0-0_2.30.0+dfsg-1ubuntu3.1_amd64.deb ...
2026-09-08T22:04:12.9542650Z Unpacking libsdl2-2.0-0:amd64 (2.30.0+dfsg-1ubuntu3.1) ...
2026-09-08T22:04:13.0421023Z Selecting previously unselected package timgm6mb-soundfont.
2026-09-08T22:04:13.0505074Z Preparing to unpack .../126-timgm6mb-soundfont_1.3-5_all.deb ...
2026-09-08T22:04:13.0517126Z Unpacking timgm6mb-soundfont (1.3-5) ...
2026-09-08T22:04:13.3958020Z Selecting previously unselected package libfluidsynth3:amd64.
2026-09-08T22:04:13.4054089Z Preparing to unpack .../127-libfluidsynth3_2.3.4-1build3_amd64.deb ...
2026-09-08T22:04:13.4067135Z Unpacking libfluidsynth3:amd64 (2.3.4-1build3) ...
2026-09-08T22:04:13.6265893Z Selecting previously unselected package libfreeaptx0:amd64.
2026-09-08T22:04:13.6360790Z Preparing to unpack .../128-libfreeaptx0_0.1.1-2build1_amd64.deb ...
2026-09-08T22:04:13.6390729Z Unpacking libfreeaptx0:amd64 (0.1.1-2build1) ...
2026-09-08T22:04:13.6572978Z Selecting previously unselected package libgraphene-1.0-0:amd64.
2026-09-08T22:04:13.6658901Z Preparing to unpack .../129-libgraphene-1.0-0_1.10.8-3build2_amd64.deb ...
2026-09-08T22:04:13.6671831Z Unpacking libgraphene-1.0-0:amd64 (1.10.8-3build2) ...
2026-09-08T22:04:13.6865965Z Selecting previously unselected package libgssdp-1.6-0:amd64.
2026-09-08T22:04:13.6942713Z Preparing to unpack .../130-libgssdp-1.6-0_1.6.3-1build3_amd64.deb ...
2026-09-08T22:04:13.6955476Z Unpacking libgssdp-1.6-0:amd64 (1.6.3-1build3) ...
2026-09-08T22:04:13.7194964Z Selecting previously unselected package libegl1:amd64.
2026-09-08T22:04:13.7271853Z Preparing to unpack .../131-libegl1_1.7.0-1build1_amd64.deb ...
2026-09-08T22:04:13.7284847Z Unpacking libegl1:amd64 (1.7.0-1build1) ...
2026-09-08T22:04:13.7482853Z Selecting previously unselected package libgstreamer-gl1.0-0:amd64.
2026-09-08T22:04:13.7561307Z Preparing to unpack .../132-libgstreamer-gl1.0-0_1.24.2-1ubuntu0.4_amd64.deb ...
2026-09-08T22:04:13.7573895Z Unpacking libgstreamer-gl1.0-0:amd64 (1.24.2-1ubuntu0.4) ...
2026-09-08T22:04:13.7830900Z Selecting previously unselected package libgtk-4-common.
2026-09-08T22:04:13.7908073Z Preparing to unpack .../133-libgtk-4-common_4.14.5+ds-0ubuntu0.10_all.deb ...
2026-09-08T22:04:13.7922247Z Unpacking libgtk-4-common (4.14.5+ds-0ubuntu0.10) ...
2026-09-08T22:04:13.8490991Z Selecting previously unselected package libgtk-4-1:amd64.
2026-09-08T22:04:13.8568154Z Preparing to unpack .../134-libgtk-4-1_4.14.5+ds-0ubuntu0.10_amd64.deb ...
2026-09-08T22:04:13.8581347Z Unpacking libgtk-4-1:amd64 (4.14.5+ds-0ubuntu0.10) ...
2026-09-08T22:04:13.9746736Z Selecting previously unselected package libgupnp-1.6-0:amd64.
2026-09-08T22:04:13.9829597Z Preparing to unpack .../135-libgupnp-1.6-0_1.6.6-1build3_amd64.deb ...
2026-09-08T22:04:13.9841882Z Unpacking libgupnp-1.6-0:amd64 (1.6.6-1build3) ...
2026-09-08T22:04:14.0542068Z Selecting previously unselected package libgupnp-igd-1.6-0:amd64.
2026-09-08T22:04:14.0624678Z Preparing to unpack .../136-libgupnp-igd-1.6-0_1.6.0-3build3_amd64.deb ...
2026-09-08T22:04:14.0637550Z Unpacking libgupnp-igd-1.6-0:amd64 (1.6.0-3build3) ...
2026-09-08T22:04:14.1646712Z Selecting previously unselected package libharfbuzz-icu0:amd64.
2026-09-08T22:04:14.1730145Z Preparing to unpack .../137-libharfbuzz-icu0_8.3.0-2build2_amd64.deb ...
2026-09-08T22:04:14.1744497Z Unpacking libharfbuzz-icu0:amd64 (8.3.0-2build2) ...
2026-09-08T22:04:14.2069605Z Selecting previously unselected package libhyphen0:amd64.
2026-09-08T22:04:14.2149431Z Preparing to unpack .../138-libhyphen0_2.8.8-7build3_amd64.deb ...
2026-09-08T22:04:14.2161151Z Unpacking libhyphen0:amd64 (2.8.8-7build3) ...
2026-09-08T22:04:14.2348477Z Selecting previously unselected package libimath-3-1-29t64:amd64.
2026-09-08T22:04:14.2424779Z Preparing to unpack .../139-libimath-3-1-29t64_3.1.9-3.1ubuntu2_amd64.deb ...
2026-09-08T22:04:14.2437256Z Unpacking libimath-3-1-29t64:amd64 (3.1.9-3.1ubuntu2) ...
2026-09-08T22:04:14.2841995Z Selecting previously unselected package liblc3-1:amd64.
2026-09-08T22:04:14.2917778Z Preparing to unpack .../140-liblc3-1_1.0.4-3build1_amd64.deb ...
2026-09-08T22:04:14.2930286Z Unpacking liblc3-1:amd64 (1.0.4-3build1) ...
2026-09-08T22:04:14.5560975Z Selecting previously unselected package libldacbt-enc2:amd64.
2026-09-08T22:04:14.5664852Z Preparing to unpack .../141-libldacbt-enc2_2.0.2.3+git20200429+ed310a0-4ubuntu2_amd64.deb ...
2026-09-08T22:04:14.5677408Z Unpacking libldacbt-enc2:amd64 (2.0.2.3+git20200429+ed310a0-4ubuntu2) ...
2026-09-08T22:04:14.5888728Z Selecting previously unselected package libraptor2-0:amd64.
2026-09-08T22:04:14.5979168Z Preparing to unpack .../142-libraptor2-0_2.0.16-3ubuntu0.1_amd64.deb ...
2026-09-08T22:04:14.5991487Z Unpacking libraptor2-0:amd64 (2.0.16-3ubuntu0.1) ...
2026-09-08T22:04:14.6938480Z Selecting previously unselected package liblrdf0:amd64.
2026-09-08T22:04:14.7022141Z Preparing to unpack .../143-liblrdf0_0.6.1-4build1_amd64.deb ...
2026-09-08T22:04:14.7034650Z Unpacking liblrdf0:amd64 (0.6.1-4build1) ...
2026-09-08T22:04:14.9346162Z Selecting previously unselected package libltc11:amd64.
2026-09-08T22:04:14.9428960Z Preparing to unpack .../144-libltc11_1.3.2-1build1_amd64.deb ...
2026-09-08T22:04:14.9442019Z Unpacking libltc11:amd64 (1.3.2-1build1) ...
2026-09-08T22:04:14.9626958Z Selecting previously unselected package libmanette-0.2-0:amd64.
2026-09-08T22:04:14.9709315Z Preparing to unpack .../145-libmanette-0.2-0_0.2.7-1build2_amd64.deb ...
2026-09-08T22:04:14.9722870Z Unpacking libmanette-0.2-0:amd64 (0.2.7-1build2) ...
2026-09-08T22:04:15.2647944Z Selecting previously unselected package libmfx1:amd64.
2026-09-08T22:04:15.2736259Z Preparing to unpack .../146-libmfx1_22.5.4-1_amd64.deb ...
2026-09-08T22:04:15.2750970Z Unpacking libmfx1:amd64 (22.5.4-1) ...
2026-09-08T22:04:15.4481165Z Selecting previously unselected package libmjpegutils-2.1-0t64:amd64.
2026-09-08T22:04:15.4579653Z Preparing to unpack .../147-libmjpegutils-2.1-0t64_1%3a2.1.0+debian-8.1build1_amd64.deb ...
2026-09-08T22:04:15.4593490Z Unpacking libmjpegutils-2.1-0t64:amd64 (1:2.1.0+debian-8.1build1) ...
2026-09-08T22:04:15.4977913Z Selecting previously unselected package libmodplug1:amd64.
2026-09-08T22:04:15.5073224Z Preparing to unpack .../148-libmodplug1_1%3a0.8.9.0-3build1_amd64.deb ...
2026-09-08T22:04:15.5086238Z Unpacking libmodplug1:amd64 (1:0.8.9.0-3build1) ...
2026-09-08T22:04:15.6096668Z Selecting previously unselected package libmpcdec6:amd64.
2026-09-08T22:04:15.6186035Z Preparing to unpack .../149-libmpcdec6_2%3a0.1~r495-2build1_amd64.deb ...
2026-09-08T22:04:15.6307016Z Unpacking libmpcdec6:amd64 (2:0.1~r495-2build1) ...
2026-09-08T22:04:15.8240886Z Selecting previously unselected package libmpeg2encpp-2.1-0t64:amd64.
2026-09-08T22:04:15.8329803Z Preparing to unpack .../150-libmpeg2encpp-2.1-0t64_1%3a2.1.0+debian-8.1build1_amd64.deb ...
2026-09-08T22:04:15.8343031Z Unpacking libmpeg2encpp-2.1-0t64:amd64 (1:2.1.0+debian-8.1build1) ...
2026-09-08T22:04:15.8528581Z Selecting previously unselected package libmplex2-2.1-0t64:amd64.
2026-09-08T22:04:15.8614935Z Preparing to unpack .../151-libmplex2-2.1-0t64_1%3a2.1.0+debian-8.1build1_amd64.deb ...
2026-09-08T22:04:15.8629217Z Unpacking libmplex2-2.1-0t64:amd64 (1:2.1.0+debian-8.1build1) ...
2026-09-08T22:04:15.8812744Z Selecting previously unselected package libneon27t64:amd64.
2026-09-08T22:04:15.8894544Z Preparing to unpack .../152-libneon27t64_0.33.0-1.1build3_amd64.deb ...
2026-09-08T22:04:15.8909397Z Unpacking libneon27t64:amd64 (0.33.0-1.1build3) ...
2026-09-08T22:04:15.9114790Z Selecting previously unselected package libnice10:amd64.
2026-09-08T22:04:15.9192045Z Preparing to unpack .../153-libnice10_0.1.21-2build3_amd64.deb ...
2026-09-08T22:04:15.9205684Z Unpacking libnice10:amd64 (0.1.21-2build3) ...
2026-09-08T22:04:15.9394803Z Selecting previously unselected package libopenal-data.
2026-09-08T22:04:15.9472138Z Preparing to unpack .../154-libopenal-data_1%3a1.23.1-4build1_all.deb ...
2026-09-08T22:04:15.9484649Z Unpacking libopenal-data (1:1.23.1-4build1) ...
2026-09-08T22:04:15.9767448Z Selecting previously unselected package libopenexr-3-1-30:amd64.
2026-09-08T22:04:15.9845830Z Preparing to unpack .../155-libopenexr-3-1-30_3.1.5-5.1build3_amd64.deb ...
2026-09-08T22:04:15.9858557Z Unpacking libopenexr-3-1-30:amd64 (3.1.5-5.1build3) ...
2026-09-08T22:04:16.1169144Z Selecting previously unselected package libopenh264-7:amd64.
2026-09-08T22:04:16.1249090Z Preparing to unpack .../156-libopenh264-7_2.4.1+dfsg-1_amd64.deb ...
2026-09-08T22:04:16.1376618Z Unpacking libopenh264-7:amd64 (2.4.1+dfsg-1) ...
2026-09-08T22:04:16.1789129Z Selecting previously unselected package libopenni2-0:amd64.
2026-09-08T22:04:16.1867280Z Preparing to unpack .../157-libopenni2-0_2.2.0.33+dfsg-18_amd64.deb ...
2026-09-08T22:04:16.2635056Z Unpacking libopenni2-0:amd64 (2.2.0.33+dfsg-18) ...
2026-09-08T22:04:16.3484261Z Selecting previously unselected package libqrencode4:amd64.
2026-09-08T22:04:16.3570772Z Preparing to unpack .../158-libqrencode4_4.1.1-1build2_amd64.deb ...
2026-09-08T22:04:16.3850675Z Unpacking libqrencode4:amd64 (4.1.1-1build2) ...
2026-09-08T22:04:16.4128536Z Selecting previously unselected package libsecret-common.
2026-09-08T22:04:16.4215035Z Preparing to unpack .../159-libsecret-common_0.21.4-1build3_all.deb ...
2026-09-08T22:04:16.4227873Z Unpacking libsecret-common (0.21.4-1build3) ...
2026-09-08T22:04:16.4496868Z Selecting previously unselected package libsecret-1-0:amd64.
2026-09-08T22:04:16.4576613Z Preparing to unpack .../160-libsecret-1-0_0.21.4-1build3_amd64.deb ...
2026-09-08T22:04:16.4594092Z Unpacking libsecret-1-0:amd64 (0.21.4-1build3) ...
2026-09-08T22:04:16.5390056Z Selecting previously unselected package libsndio7.0:amd64.
2026-09-08T22:04:16.5469624Z Preparing to unpack .../161-libsndio7.0_1.9.0-0.3build3_amd64.deb ...
2026-09-08T22:04:16.5489527Z Unpacking libsndio7.0:amd64 (1.9.0-0.3build3) ...
2026-09-08T22:04:16.6278874Z Selecting previously unselected package libsoundtouch1:amd64.
2026-09-08T22:04:16.6358592Z Preparing to unpack .../162-libsoundtouch1_2.3.2+ds1-1build1_amd64.deb ...
2026-09-08T22:04:16.6370835Z Unpacking libsoundtouch1:amd64 (2.3.2+ds1-1build1) ...
2026-09-08T22:04:16.8247541Z Selecting previously unselected package libspandsp2t64:amd64.
2026-09-08T22:04:16.8330492Z Preparing to unpack .../163-libspandsp2t64_0.0.6+dfsg-2.1build1_amd64.deb ...
2026-09-08T22:04:16.8345569Z Unpacking libspandsp2t64:amd64 (0.0.6+dfsg-2.1build1) ...
2026-09-08T22:04:17.0008061Z Selecting previously unselected package libsrtp2-1:amd64.
2026-09-08T22:04:17.0094989Z Preparing to unpack .../164-libsrtp2-1_2.5.0-3build1_amd64.deb ...
2026-09-08T22:04:17.0107407Z Unpacking libsrtp2-1:amd64 (2.5.0-3build1) ...
2026-09-08T22:04:17.0620971Z Selecting previously unselected package libwayland-server0:amd64.
2026-09-08T22:04:17.0702729Z Preparing to unpack .../165-libwayland-server0_1.22.0-2.1build1_amd64.deb ...
2026-09-08T22:04:17.0888560Z Unpacking libwayland-server0:amd64 (1.22.0-2.1build1) ...
2026-09-08T22:04:17.2547448Z Selecting previously unselected package libwildmidi2:amd64.
2026-09-08T22:04:17.2629707Z Preparing to unpack .../166-libwildmidi2_0.4.3-1build3_amd64.deb ...
2026-09-08T22:04:17.2648783Z Unpacking libwildmidi2:amd64 (0.4.3-1build3) ...
2026-09-08T22:04:17.2830064Z Selecting previously unselected package libwoff1:amd64.
2026-09-08T22:04:17.2912329Z Preparing to unpack .../167-libwoff1_1.0.2-2build1_amd64.deb ...
2026-09-08T22:04:17.2924571Z Unpacking libwoff1:amd64 (1.0.2-2build1) ...
2026-09-08T22:04:17.3676991Z Selecting previously unselected package libxcb-xkb1:amd64.
2026-09-08T22:04:17.3756878Z Preparing to unpack .../168-libxcb-xkb1_1.15-1ubuntu2_amd64.deb ...
2026-09-08T22:04:17.6214861Z Unpacking libxcb-xkb1:amd64 (1.15-1ubuntu2) ...
2026-09-08T22:04:17.7214921Z Selecting previously unselected package libxkbcommon-x11-0:amd64.
2026-09-08T22:04:17.7317332Z Preparing to unpack .../169-libxkbcommon-x11-0_1.6.0-1build1_amd64.deb ...
2026-09-08T22:04:17.7501402Z Unpacking libxkbcommon-x11-0:amd64 (1.6.0-1build1) ...
2026-09-08T22:04:17.8001931Z Selecting previously unselected package libzbar0t64:amd64.
2026-09-08T22:04:17.8105648Z Preparing to unpack .../170-libzbar0t64_0.23.93-4build3_amd64.deb ...
2026-09-08T22:04:17.8118693Z Unpacking libzbar0t64:amd64 (0.23.93-4build3) ...
2026-09-08T22:04:17.9381535Z Selecting previously unselected package libzxing3:amd64.
2026-09-08T22:04:17.9480992Z Preparing to unpack .../171-libzxing3_2.2.1-3_amd64.deb ...
2026-09-08T22:04:17.9496610Z Unpacking libzxing3:amd64 (2.2.1-3) ...
2026-09-08T22:04:18.0727770Z Selecting previously unselected package xfonts-encodings.
2026-09-08T22:04:18.0829359Z Preparing to unpack .../172-xfonts-encodings_1%3a1.0.5-0ubuntu2_all.deb ...
2026-09-08T22:04:18.1039726Z Unpacking xfonts-encodings (1:1.0.5-0ubuntu2) ...
2026-09-08T22:04:18.1722297Z Selecting previously unselected package xfonts-utils.
2026-09-08T22:04:18.1822240Z Preparing to unpack .../173-xfonts-utils_1%3a7.7+6build3_amd64.deb ...
2026-09-08T22:04:18.1834757Z Unpacking xfonts-utils (1:7.7+6build3) ...
2026-09-08T22:04:18.2162118Z Selecting previously unselected package xfonts-cyrillic.
2026-09-08T22:04:18.2262910Z Preparing to unpack .../174-xfonts-cyrillic_1%3a1.0.5+nmu1_all.deb ...
2026-09-08T22:04:18.2275194Z Unpacking xfonts-cyrillic (1:1.0.5+nmu1) ...
2026-09-08T22:04:18.3301277Z Selecting previously unselected package xfonts-scalable.
2026-09-08T22:04:18.3400116Z Preparing to unpack .../175-xfonts-scalable_1%3a1.0.3-1.3_all.deb ...
2026-09-08T22:04:18.3417573Z Unpacking xfonts-scalable (1:1.0.3-1.3) ...
2026-09-08T22:04:18.3647182Z Selecting previously unselected package libgstreamer-plugins-bad1.0-0:amd64.
2026-09-08T22:04:18.3745644Z Preparing to unpack .../176-libgstreamer-plugins-bad1.0-0_1.24.2-1ubuntu4_amd64.deb ...
2026-09-08T22:04:18.4132387Z Unpacking libgstreamer-plugins-bad1.0-0:amd64 (1.24.2-1ubuntu4) ...
2026-09-08T22:04:18.4482471Z Selecting previously unselected package libdca0:amd64.
2026-09-08T22:04:18.4581686Z Preparing to unpack .../177-libdca0_0.0.7-2build1_amd64.deb ...
2026-09-08T22:04:18.4751712Z Unpacking libdca0:amd64 (0.0.7-2build1) ...
2026-09-08T22:04:18.5835505Z Selecting previously unselected package libopenal1:amd64.
2026-09-08T22:04:18.5945458Z Preparing to unpack .../178-libopenal1_1%3a1.23.1-4build1_amd64.deb ...
2026-09-08T22:04:18.5968801Z Unpacking libopenal1:amd64 (1:1.23.1-4build1) ...
2026-09-08T22:04:18.7953924Z Selecting previously unselected package libsbc1:amd64.
2026-09-08T22:04:18.8057566Z Preparing to unpack .../179-libsbc1_2.0-1build1_amd64.deb ...
2026-09-08T22:04:18.8070291Z Unpacking libsbc1:amd64 (2.0-1build1) ...
2026-09-08T22:04:18.8286523Z Selecting previously unselected package libvo-aacenc0:amd64.
2026-09-08T22:04:18.8386279Z Preparing to unpack .../180-libvo-aacenc0_0.1.3-2build1_amd64.deb ...
2026-09-08T22:04:18.8987795Z Unpacking libvo-aacenc0:amd64 (0.1.3-2build1) ...
2026-09-08T22:04:19.1124346Z Selecting previously unselected package libvo-amrwbenc0:amd64.
2026-09-08T22:04:19.1232444Z Preparing to unpack .../181-libvo-amrwbenc0_0.1.3-2build1_amd64.deb ...
2026-09-08T22:04:19.1245055Z Unpacking libvo-amrwbenc0:amd64 (0.1.3-2build1) ...
2026-09-08T22:04:19.1443979Z Selecting previously unselected package gstreamer1.0-plugins-bad:amd64.
2026-09-08T22:04:19.1541397Z Preparing to unpack .../182-gstreamer1.0-plugins-bad_1.24.2-1ubuntu4_amd64.deb ...
2026-09-08T22:04:19.3187778Z Unpacking gstreamer1.0-plugins-bad:amd64 (1.24.2-1ubuntu4) ...
2026-09-08T22:04:20.2530714Z Setting up libgme0:amd64 (0.6.3-7build1) ...
2026-09-08T22:04:20.4315029Z Setting up libchromaprint1:amd64 (1.5.1-5) ...
2026-09-08T22:04:20.4381964Z Setting up libssh-gcrypt-4:amd64 (0.10.6-2ubuntu0.5) ...
2026-09-08T22:04:20.4420586Z Setting up libhwy1t64:amd64 (1.0.7-8.1build1) ...
2026-09-08T22:04:20.4455627Z Setting up libcairo-script-interpreter2:amd64 (1.18.0-3build1) ...
2026-09-08T22:04:20.4500855Z Setting up libfreeaptx0:amd64 (0.1.1-2build1) ...
2026-09-08T22:04:20.4537378Z Setting up libdvdread8t64:amd64 (6.1.3-1.1build1) ...
2026-09-08T22:04:20.4583001Z Setting up libudfread0:amd64 (1.1.2-1build1) ...
2026-09-08T22:04:20.4628269Z Setting up libmodplug1:amd64 (1:0.8.9.0-3build1) ...
2026-09-08T22:04:20.4666229Z Setting up libcdparanoia0:amd64 (3.10.2+debian-14build3) ...
2026-09-08T22:04:20.4701297Z Setting up libwayland-server0:amd64 (1.22.0-2.1build1) ...
2026-09-08T22:04:20.4746843Z Setting up libvo-amrwbenc0:amd64 (0.1.3-2build1) ...
2026-09-08T22:04:20.6983275Z Setting up session-migration (0.3.9build1) ...
2026-09-08T22:04:21.0856643Z Created symlink /etc/systemd/user/graphical-session-pre.target.wants/session-migration.service → /usr/lib/systemd/user/session-migration.service.
2026-09-08T22:04:21.0857288Z 
2026-09-08T22:04:21.2200871Z Setting up libraw1394-11:amd64 (2.1.2-2build3) ...
2026-09-08T22:04:21.3315298Z Setting up libsbc1:amd64 (2.0-1build1) ...
2026-09-08T22:04:21.3351290Z Setting up libproxy1v5:amd64 (0.5.4-4build1) ...
2026-09-08T22:04:21.3389431Z Setting up libneon27t64:amd64 (0.33.0-1.1build3) ...
2026-09-08T22:04:21.3432229Z Setting up libtag1v5-vanilla:amd64 (1.13.1-1build1) ...
2026-09-08T22:04:21.3473505Z Setting up libharfbuzz-icu0:amd64 (8.3.0-2build2) ...
2026-09-08T22:04:21.3607856Z Setting up libopenni2-0:amd64 (2.2.0.33+dfsg-18) ...
2026-09-08T22:04:21.3934190Z Setting up libspeex1:amd64 (1.2.1-2ubuntu2.24.04.1) ...
2026-09-08T22:04:21.3970524Z Setting up libshine3:amd64 (3.1.1-2build1) ...
2026-09-08T22:04:21.4010529Z Setting up libcaca0:amd64 (0.99.beta20-4ubuntu0.2) ...
2026-09-08T22:04:21.4051168Z Setting up libvpl2 (2023.3.0-1build1) ...
2026-09-08T22:04:21.4093098Z Setting up libv4lconvert0t64:amd64 (1.26.1-4build3) ...
2026-09-08T22:04:21.4129805Z Setting up libx264-164:amd64 (2:0.164.3108+git31e19f9-1) ...
2026-09-08T22:04:21.4184279Z Setting up libtwolame0:amd64 (0.4.0-2build3) ...
2026-09-08T22:04:21.4225534Z Setting up libmbedcrypto7t64:amd64 (2.28.8-1) ...
2026-09-08T22:04:21.4267612Z Setting up libwoff1:amd64 (1.0.2-2build1) ...
2026-09-08T22:04:21.4304873Z Setting up liblc3-1:amd64 (1.0.4-3build1) ...
2026-09-08T22:04:21.4347926Z Setting up libqrencode4:amd64 (4.1.1-1build2) ...
2026-09-08T22:04:21.4383149Z Setting up libhyphen0:amd64 (2.8.8-7build3) ...
2026-09-08T22:04:21.9093938Z Setting up libgsm1:amd64 (1.0.22-1build1) ...
2026-09-08T22:04:21.9193199Z Setting up libvisual-0.4-0:amd64 (0.4.2-2build1) ...
2026-09-08T22:04:21.9254249Z Setting up libsoxr0:amd64 (0.1.3-4build3) ...
2026-09-08T22:04:21.9296254Z Setting up libzix-0-0:amd64 (0.4.2-2build1) ...
2026-09-08T22:04:21.9335613Z Setting up libcodec2-1.2:amd64 (1.2.0-2build1) ...
2026-09-08T22:04:21.9372974Z Setting up libmanette-0.2-0:amd64 (0.2.7-1build2) ...
2026-09-08T22:04:21.9420802Z Setting up libsrtp2-1:amd64 (2.5.0-3build1) ...
2026-09-08T22:04:21.9457251Z Setting up libmysofa1:amd64 (1.3.2+dfsg-2ubuntu2) ...
2026-09-08T22:04:21.9501210Z Setting up libraptor2-0:amd64 (2.0.16-3ubuntu0.1) ...
2026-09-08T22:04:21.9547351Z Setting up libldacbt-enc2:amd64 (2.0.2.3+git20200429+ed310a0-4ubuntu2) ...
2026-09-08T22:04:21.9591054Z Setting up fonts-wqy-zenhei (0.9.45-8) ...
2026-09-08T22:04:21.9939671Z Setting up libwebrtc-audio-processing1:amd64 (0.3.1-0ubuntu6) ...
2026-09-08T22:04:22.0290645Z Setting up fonts-freefont-ttf (20211204+svn4273-2) ...
2026-09-08T22:04:22.0327881Z Setting up libevent-2.1-7t64:amd64 (2.1.12-stable-9ubuntu2.1) ...
2026-09-08T22:04:22.0372720Z Setting up libsvtav1enc1d1:amd64 (1.7.0+dfsg-2build1) ...
2026-09-08T22:04:22.0412868Z Setting up libsoup-3.0-common (3.4.4-5ubuntu0.7) ...
2026-09-08T22:04:22.0456211Z Setting up libmpg123-0t64:amd64 (1.32.5-1ubuntu1.1) ...
2026-09-08T22:04:22.0508873Z Setting up libcjson1:amd64 (1.7.17-1) ...
2026-09-08T22:04:22.0549549Z Setting up libxvidcore4:amd64 (2:1.3.7-1build1) ...
2026-09-08T22:04:22.0586062Z Setting up libmpcdec6:amd64 (2:0.1~r495-2build1) ...
2026-09-08T22:04:22.0627110Z Setting up libmjpegutils-2.1-0t64:amd64 (1:2.1.0+debian-8.1build1) ...
2026-09-08T22:04:22.2322134Z Setting up librav1e0:amd64 (0.7.1-2) ...
2026-09-08T22:04:22.4391310Z Setting up liborc-0.4-0t64:amd64 (1:0.4.38-1ubuntu0.1) ...
2026-09-08T22:04:22.4548010Z Setting up libxcb-xkb1:amd64 (1.15-1ubuntu2) ...
2026-09-08T22:04:22.4590093Z Setting up libvo-aacenc0:amd64 (0.1.3-2build1) ...
2026-09-08T22:04:22.4642234Z Setting up librist4:amd64 (0.2.10+dfsg-2) ...
2026-09-08T22:04:22.4684165Z Setting up librsvg2-2:amd64 (2.58.0+dfsg-1build1) ...
2026-09-08T22:04:22.4726867Z Setting up libblas3:amd64 (3.12.0-3build1.1) ...
2026-09-08T22:04:22.4798167Z update-alternatives: using /usr/lib/x86_64-linux-gnu/blas/libblas.so.3 to provide /usr/lib/x86_64-linux-gnu/libblas.so.3 (libblas.so.3-x86_64-linux-gnu) in auto mode
2026-09-08T22:04:22.4822685Z Setting up libegl-mesa0:amd64 (25.2.8-0ubuntu0.24.04.2) ...
2026-09-08T22:04:22.4880867Z Setting up libsoundtouch1:amd64 (2.3.2+ds1-1build1) ...
2026-09-08T22:04:22.4940565Z Setting up libplacebo338:amd64 (6.338.2-2build1) ...
2026-09-08T22:04:22.4983861Z Setting up libgles2:amd64 (1.7.0-1build1) ...
2026-09-08T22:04:22.5023831Z Setting up fonts-tlwg-loma-otf (1:0.7.3-1) ...
2026-09-08T22:04:22.5066798Z Setting up libva2:amd64 (2.20.0-2ubuntu0.2) ...
2026-09-08T22:04:22.5108214Z Setting up libspa-0.2-modules:amd64 (1.0.5-1ubuntu3.3) ...
2026-09-08T22:04:22.5149730Z Setting up libzxing3:amd64 (2.2.1-3) ...
2026-09-08T22:04:22.5191913Z Setting up xfonts-encodings (1:1.0.5-0ubuntu2) ...
2026-09-08T22:04:22.5225917Z Setting up libopus0:amd64 (1.4-1build1) ...
2026-09-08T22:04:22.5266893Z Setting up libfaad2:amd64 (2.11.1-1build1) ...
2026-09-08T22:04:22.5323426Z Setting up libxkbcommon-x11-0:amd64 (1.6.0-1build1) ...
2026-09-08T22:04:22.5362384Z Setting up libdc1394-25:amd64 (2.2.6-4build1) ...
2026-09-08T22:04:22.5398772Z Setting up libimath-3-1-29t64:amd64 (3.1.9-3.1ubuntu2) ...
2026-09-08T22:04:22.5442422Z Setting up libunibreak5:amd64 (5.1-2build1) ...
2026-09-08T22:04:22.5478818Z Setting up libdv4t64:amd64 (1.0.0-17.1build1) ...
2026-09-08T22:04:22.5515652Z Setting up libjxl0.7:amd64 (0.7.0-10.2ubuntu6.1) ...
2026-09-08T22:04:22.5795726Z Setting up libopenh264-7:amd64 (2.4.1+dfsg-1) ...
2026-09-08T22:04:23.0018185Z Setting up libltc11:amd64 (1.3.2-1build1) ...
2026-09-08T22:04:23.0118841Z Setting up libx265-199:amd64 (3.5-2build1) ...
2026-09-08T22:04:23.0159207Z Setting up libv4l-0t64:amd64 (1.26.1-4build3) ...
2026-09-08T22:04:23.0193818Z Setting up libavtp0:amd64 (0.2.0-1build1) ...
2026-09-08T22:04:23.1130122Z Setting up libsndio7.0:amd64 (1.9.0-0.3build3) ...
2026-09-08T22:04:23.1367141Z Setting up libdirectfb-1.7-7t64:amd64 (1.7.7-11.1ubuntu2) ...
2026-09-08T22:04:23.1403421Z Setting up libspandsp2t64:amd64 (0.0.6+dfsg-2.1build1) ...
2026-09-08T22:04:23.1455361Z Setting up libvidstab1.1:amd64 (1.1.0-2build1) ...
2026-09-08T22:04:23.1512869Z Setting up libvpx9:amd64 (1.14.0-1ubuntu2.3) ...
2026-09-08T22:04:23.1546401Z Setting up libsrt1.5-gnutls:amd64 (1.5.3-1build2) ...
2026-09-08T22:04:23.1588803Z Setting up libtag1v5:amd64 (1.13.1-1build1) ...
2026-09-08T22:04:23.1618719Z Setting up libflite1:amd64 (2.2-6build3) ...
2026-09-08T22:04:23.1653853Z Setting up libdav1d7:amd64 (1.4.1-1build1) ...
2026-09-08T22:04:23.1694841Z Setting up libva-drm2:amd64 (2.20.0-2ubuntu0.2) ...
2026-09-08T22:04:23.1732427Z Setting up fonts-ipafont-gothic (00303-21ubuntu1) ...
2026-09-08T22:04:23.1822372Z update-alternatives: using /usr/share/fonts/opentype/ipafont-gothic/ipag.ttf to provide /usr/share/fonts/truetype/fonts-japanese-gothic.ttf (fonts-japanese-gothic.ttf) in auto mode
2026-09-08T22:04:23.1931047Z Setting up ocl-icd-libopencl1:amd64 (2.3.2-1build1) ...
2026-09-08T22:04:23.1965964Z Setting up libasyncns0:amd64 (0.8-6build4) ...
2026-09-08T22:04:23.2000606Z Setting up libwildmidi2:amd64 (0.4.3-1build3) ...
2026-09-08T22:04:23.2038958Z Setting up libvdpau1:amd64 (1.5-2build1) ...
2026-09-08T22:04:23.2100478Z Setting up libwavpack1:amd64 (5.6.0-1build1) ...
2026-09-08T22:04:23.2135635Z Setting up libbs2b0:amd64 (3.1.0+dfsg-7build1) ...
2026-09-08T22:04:23.2307953Z Setting up libtheora0:amd64 (1.1.1+dfsg.1-16.1build3) ...
2026-09-08T22:04:23.2341247Z Setting up libegl1:amd64 (1.7.0-1build1) ...
2026-09-08T22:04:23.2375434Z Setting up libdecor-0-0:amd64 (0.2.2-1build2) ...
2026-09-08T22:04:23.3408659Z Setting up libdca0:amd64 (0.0.7-2build1) ...
2026-09-08T22:04:23.3586520Z Setting up libzimg2:amd64 (3.0.5+ds1-1build1) ...
2026-09-08T22:04:23.3621064Z Setting up libopenal-data (1:1.23.1-4build1) ...
2026-09-08T22:04:23.3670616Z Setting up libevent-core-2.1-7t64:amd64 (2.1.12-stable-9ubuntu2.1) ...
2026-09-08T22:04:23.3705723Z Setting up libabsl20220623t64:amd64 (20220623.1-3.1ubuntu3.2) ...
2026-09-08T22:04:23.3752372Z Setting up libflac12t64:amd64 (1.4.3+ds-2.1ubuntu2) ...
2026-09-08T22:04:23.3792147Z Setting up libgtk-4-common (4.14.5+ds-0ubuntu0.10) ...
2026-09-08T22:04:23.3823749Z Setting up libmpeg2encpp-2.1-0t64:amd64 (1:2.1.0+debian-8.1build1) ...
2026-09-08T22:04:23.3865239Z Setting up glib-networking-common (2.80.0-1build1) ...
2026-09-08T22:04:23.3897121Z Setting up libmfx1:amd64 (22.5.4-1) ...
2026-09-08T22:04:23.3932984Z Setting up libbluray2:amd64 (1:1.3.4-1build1) ...
2026-09-08T22:04:23.3975030Z Setting up libde265-0:amd64 (1.0.15-1ubuntu0.1) ...
2026-09-08T22:04:23.4011993Z Setting up libsamplerate0:amd64 (0.2.2-4build1) ...
2026-09-08T22:04:23.4228846Z Setting up timgm6mb-soundfont (1.3-5) ...
2026-09-08T22:04:23.4321003Z update-alternatives: using /usr/share/sounds/sf2/TimGM6mb.sf2 to provide /usr/share/sounds/sf2/default-GM.sf2 (default-GM.sf2) in auto mode
2026-09-08T22:04:23.4698571Z update-alternatives: using /usr/share/sounds/sf2/TimGM6mb.sf2 to provide /usr/share/sounds/sf3/default-GM.sf3 (default-GM.sf3) in auto mode
2026-09-08T22:04:23.4732226Z Setting up libva-x11-2:amd64 (2.20.0-2ubuntu0.2) ...
2026-09-08T22:04:23.5752208Z Setting up libyuv0:amd64 (0.0~git202401110.af6ac82-1) ...
2026-09-08T22:04:23.5958666Z Setting up libmplex2-2.1-0t64:amd64 (1:2.1.0+debian-8.1build1) ...
2026-09-08T22:04:23.5997584Z Setting up libpipewire-0.3-0t64:amd64 (1.0.5-1ubuntu3.3) ...
2026-09-08T22:04:23.6562231Z Setting up libopenmpt0t64:amd64 (0.7.3-1.1build3) ...
2026-09-08T22:04:23.6595358Z Setting up libzvbi-common (0.2.42-2) ...
2026-09-08T22:04:23.6629944Z Setting up libsecret-common (0.21.4-1build3) ...
2026-09-08T22:04:23.6672173Z Setting up libmp3lame0:amd64 (3.100-6build1) ...
2026-09-08T22:04:23.7144770Z Setting up libgraphene-1.0-0:amd64 (1.10.8-3build2) ...
2026-09-08T22:04:23.7479274Z Setting up libvorbisenc2:amd64 (1.3.7-1build3) ...
2026-09-08T22:04:23.7519108Z Setting up libdvdnav4:amd64 (6.1.1-3build1) ...
2026-09-08T22:04:23.7558101Z Setting up fonts-unifont (1:15.1.01-1build1) ...
2026-09-08T22:04:23.7593276Z Setting up libaa1:amd64 (1.4p5-51.1) ...
2026-09-08T22:04:23.7634602Z Setting up libiec61883-0:amd64 (1.2.0-6build1) ...
2026-09-08T22:04:23.7671816Z Setting up libserd-0-0:amd64 (0.32.2-1) ...
2026-09-08T22:04:23.7706768Z Setting up libavc1394-0:amd64 (0.5.4-5build3) ...
2026-09-08T22:04:23.9159407Z Setting up gsettings-desktop-schemas (46.1-0ubuntu1) ...
2026-09-08T22:04:23.9600459Z Setting up glib-networking-services (2.80.0-1build1) ...
2026-09-08T22:04:23.9634904Z Setting up liblapack3:amd64 (3.12.0-3build1.1) ...
2026-09-08T22:04:23.9695241Z update-alternatives: using /usr/lib/x86_64-linux-gnu/lapack/liblapack.so.3 to provide /usr/lib/x86_64-linux-gnu/liblapack.so.3 (liblapack.so.3-x86_64-linux-gnu) in auto mode
2026-09-08T22:04:23.9732659Z Setting up libzvbi0t64:amd64 (0.2.42-2) ...
2026-09-08T22:04:23.9770449Z Setting up libevent-pthreads-2.1-7t64:amd64 (2.1.12-stable-9ubuntu2.1) ...
2026-09-08T22:04:23.9807014Z Setting up liblrdf0:amd64 (0.6.1-4build1) ...
2026-09-08T22:04:23.9856523Z Setting up libzbar0t64:amd64 (0.23.93-4build3) ...
2026-09-08T22:04:24.1524113Z Setting up libgstreamer-plugins-base1.0-0:amd64 (1.24.2-1ubuntu0.4) ...
2026-09-08T22:04:24.1564410Z Setting up libavutil58:amd64 (7:6.1.1-3ubuntu5) ...
2026-09-08T22:04:24.1604146Z Setting up libopenal1:amd64 (1:1.23.1-4build1) ...
2026-09-08T22:04:24.1639315Z Setting up xfonts-utils (1:7.7+6build3) ...
2026-09-08T22:04:24.1702492Z Setting up libsecret-1-0:amd64 (0.21.4-1build3) ...
2026-09-08T22:04:24.1758828Z Setting up libgstreamer-plugins-good1.0-0:amd64 (1.24.2-1ubuntu1.5) ...
2026-09-08T22:04:24.2907078Z Setting up libgstreamer-gl1.0-0:amd64 (1.24.2-1ubuntu0.4) ...
2026-09-08T22:04:24.2965262Z Setting up gstreamer1.0-plugins-base:amd64 (1.24.2-1ubuntu0.4) ...
2026-09-08T22:04:24.3006999Z Setting up libass9:amd64 (1:0.17.1-2build1) ...
2026-09-08T22:04:24.3045107Z Setting up libswresample4:amd64 (7:6.1.1-3ubuntu5) ...
2026-09-08T22:04:24.3079784Z Setting up libopenexr-3-1-30:amd64 (3.1.5-5.1build3) ...
2026-09-08T22:04:24.3114931Z Setting up libshout3:amd64 (2.4.6-1build2) ...
2026-09-08T22:04:24.3158427Z Setting up libgav1-1:amd64 (0.18.0-1build3) ...
2026-09-08T22:04:24.3258632Z Setting up libavcodec60:amd64 (7:6.1.1-3ubuntu5) ...
2026-09-08T22:04:24.3303357Z Setting up librubberband2:amd64 (3.3.0+dfsg-2build1) ...
2026-09-08T22:04:24.3345945Z Setting up libjack-jackd2-0:amd64 (1.9.21~dfsg-3ubuntu3) ...
2026-09-08T22:04:24.3387220Z Setting up libsord-0-0:amd64 (0.16.16-2build1) ...
2026-09-08T22:04:24.3428862Z Setting up xfonts-cyrillic (1:1.0.5+nmu1) ...
2026-09-08T22:04:24.3912070Z Setting up libpostproc57:amd64 (7:6.1.1-3ubuntu5) ...
2026-09-08T22:04:24.3965186Z Setting up libsratom-0-0:amd64 (0.6.16-1build1) ...
2026-09-08T22:04:24.4013467Z Setting up libsndfile1:amd64 (1.2.2-1ubuntu5.24.04.1) ...
2026-09-08T22:04:24.4072176Z Setting up liblilv-0-0:amd64 (0.24.22-1build1) ...
2026-09-08T22:04:24.4108512Z Setting up libinstpatch-1.0-2:amd64 (1.1.6-1build2) ...
2026-09-08T22:04:24.4449920Z Setting up xfonts-scalable (1:1.0.3-1.3) ...
2026-09-08T22:04:24.4665722Z Setting up libswscale7:amd64 (7:6.1.1-3ubuntu5) ...
2026-09-08T22:04:24.4779489Z Setting up libavif16:amd64 (1.0.4-1ubuntu3) ...
2026-09-08T22:04:24.4815794Z Setting up libpulse0:amd64 (1:16.1+dfsg1-2ubuntu10.1) ...
2026-09-08T22:04:24.4902752Z Setting up libavformat60:amd64 (7:6.1.1-3ubuntu5) ...
2026-09-08T22:04:24.4947875Z Setting up libsphinxbase3t64:amd64 (0.8+5prealpha+1-17build2) ...
2026-09-08T22:04:24.4999427Z Setting up libsdl2-2.0-0:amd64 (2.30.0+dfsg-1ubuntu3.1) ...
2026-09-08T22:04:24.5120531Z Setting up libfluidsynth3:amd64 (2.3.4-1build3) ...
2026-09-08T22:04:24.5154309Z Setting up libpocketsphinx3:amd64 (0.8.0+real5prealpha+1-15ubuntu5) ...
2026-09-08T22:04:24.5201363Z Setting up libavfilter9:amd64 (7:6.1.1-3ubuntu5) ...
2026-09-08T22:04:24.5250995Z Setting up gstreamer1.0-libav:amd64 (1.24.1-1build1) ...
2026-09-08T22:04:24.5879461Z Processing triggers for fontconfig (2.15.0-1.1ubuntu2) ...
2026-09-08T22:04:24.8440582Z Processing triggers for libc-bin (2.39-0ubuntu8.8) ...
2026-09-08T22:04:25.1991229Z Processing triggers for man-db (2.12.0-4build2) ...
2026-09-08T22:04:25.2019821Z Not building database; man-db/auto-update is not 'true'.
2026-09-08T22:04:25.2053616Z Processing triggers for libglib2.0-0t64:amd64 (2.80.0-6ubuntu3.8) ...
2026-09-08T22:04:25.3923710Z Setting up libgtk-4-1:amd64 (4.14.5+ds-0ubuntu0.10) ...
2026-09-08T22:04:25.4654813Z Setting up glib-networking:amd64 (2.80.0-1build1) ...
2026-09-08T22:04:25.4713421Z Setting up libsoup-3.0-0:amd64 (3.4.4-5ubuntu0.7) ...
2026-09-08T22:04:25.5716590Z Setting up libgssdp-1.6-0:amd64 (1.6.3-1build3) ...
2026-09-08T22:04:25.5899814Z Setting up gstreamer1.0-plugins-good:amd64 (1.24.2-1ubuntu1.5) ...
2026-09-08T22:04:25.5944432Z Setting up libgupnp-1.6-0:amd64 (1.6.6-1build3) ...
2026-09-08T22:04:25.7129084Z Setting up libgupnp-igd-1.6-0:amd64 (1.6.0-3build3) ...
2026-09-08T22:04:25.7180132Z Setting up libnice10:amd64 (0.1.21-2build3) ...
2026-09-08T22:04:25.7444144Z Setting up libgstreamer-plugins-bad1.0-0:amd64 (1.24.2-1ubuntu4) ...
2026-09-08T22:04:25.7526978Z Setting up gstreamer1.0-plugins-bad:amd64 (1.24.2-1ubuntu4) ...
2026-09-08T22:04:25.7567256Z Processing triggers for libc-bin (2.39-0ubuntu8.8) ...
2026-09-08T22:04:26.6342718Z 
2026-09-08T22:04:26.6343681Z Running kernel seems to be up-to-date.
2026-09-08T22:04:26.6344005Z 
2026-09-08T22:04:26.6344311Z No services need to be restarted.
2026-09-08T22:04:26.6344582Z 
2026-09-08T22:04:26.6344710Z No containers need to be restarted.
2026-09-08T22:04:26.6344925Z 
2026-09-08T22:04:26.6345144Z No user sessions are running outdated binaries.
2026-09-08T22:04:26.6345401Z 
2026-09-08T22:04:26.6345630Z No VM guests are running outdated hypervisor (qemu) binaries on this host.
2026-09-08T22:04:27.3108019Z ##[group]Run uv run --frozen --group dev python -m devtools.render_explainer
2026-09-08T22:04:27.3108529Z [36;1muv run --frozen --group dev python -m devtools.render_explainer[0m
2026-09-08T22:04:27.3109061Z [36;1muv run --frozen --group dev python -m devtools.check_math_loading --browser webkit --width 390[0m
2026-09-08T22:04:27.3130734Z shell: /usr/bin/bash -e {0}
2026-09-08T22:04:27.3130936Z env:
2026-09-08T22:04:27.3131155Z   UV_PYTHON_INSTALL_DIR: /home/runner/work/_temp/uv-python-dir
2026-09-08T22:04:27.3131406Z   UV_PYTHON: 3.14.7
2026-09-08T22:04:27.3131756Z   UV_CACHE_DIR: /home/runner/work/_temp/setup-uv-cache
2026-09-08T22:04:27.3131981Z ##[endgroup]
2026-09-08T22:04:30.0529338Z wrote packing/site/index.html (1898 KB)
2026-09-08T22:04:30.0529660Z wrote packing/site/t-018-explainer.md (29 KB)
2026-09-08T22:04:50.2714035Z {
2026-09-08T22:04:50.2714382Z   "held_loads": 650,
2026-09-08T22:04:50.2715028Z   "sliders": 4,
2026-09-08T22:04:50.2715229Z   "early_targets": [
2026-09-08T22:04:50.2715503Z     {
2026-09-08T22:04:50.2715687Z       "id": "kslider-19-5",
2026-09-08T22:04:50.2715884Z       "value": "1"
2026-09-08T22:04:50.2716043Z     },
2026-09-08T22:04:50.2716190Z     {
2026-09-08T22:04:50.2716352Z       "id": "kslider-381-100",
2026-09-08T22:04:50.2716538Z       "value": "2"
2026-09-08T22:04:50.2716688Z     },
2026-09-08T22:04:50.2716835Z     {
2026-09-08T22:04:50.2716982Z       "id": "phi-19-5",
2026-09-08T22:04:50.2717152Z       "value": "3"
2026-09-08T22:04:50.2717306Z     },
2026-09-08T22:04:50.2717442Z     {
2026-09-08T22:04:50.2717597Z       "id": "phi-381-100",
2026-09-08T22:04:50.2717770Z       "value": "4"
2026-09-08T22:04:50.2717917Z     }
2026-09-08T22:04:50.2718061Z   ],
2026-09-08T22:04:50.2718203Z   "frames": 22,
2026-09-08T22:04:50.2718358Z   "first_paint": {
2026-09-08T22:04:50.2718518Z     "at": 3714,
2026-09-08T22:04:50.2718667Z     "faces": [
2026-09-08T22:04:50.2718828Z       {
2026-09-08T22:04:50.2718988Z         "family": "PT Serif",
2026-09-08T22:04:50.2719175Z         "style": "normal",
2026-09-08T22:04:50.2719356Z         "weight": "400",
2026-09-08T22:04:50.2719783Z         "unicodeRange": "U+0-ff, U+131, U+152-153, U+2bb-2bc, U+2c6, U+2da, U+2dc, U+304, U+308, U+329, U+2000-206f, U+20ac, U+2122, U+2191, U+2193, U+2212, U+2215, U+feff, U+fffd",
2026-09-08T22:04:50.2720204Z         "status": "loaded"
2026-09-08T22:04:50.2720368Z       },
2026-09-08T22:04:50.2720508Z       {
2026-09-08T22:04:50.2720663Z         "family": "PT Serif",
2026-09-08T22:04:50.2720897Z         "style": "normal",
2026-09-08T22:04:50.2721063Z         "weight": "700",
2026-09-08T22:04:50.2721447Z         "unicodeRange": "U+0-ff, U+131, U+152-153, U+2bb-2bc, U+2c6, U+2da, U+2dc, U+304, U+308, U+329, U+2000-206f, U+20ac, U+2122, U+2191, U+2193, U+2212, U+2215, U+feff, U+fffd",
2026-09-08T22:04:50.2722044Z         "status": "loaded"
2026-09-08T22:04:50.2722211Z       },
2026-09-08T22:04:50.2722356Z       {
2026-09-08T22:04:50.2722516Z         "family": "PT Serif",
2026-09-08T22:04:50.2722700Z         "style": "italic",
2026-09-08T22:04:50.2722880Z         "weight": "400",
2026-09-08T22:04:50.2723262Z         "unicodeRange": "U+0-ff, U+131, U+152-153, U+2bb-2bc, U+2c6, U+2da, U+2dc, U+304, U+308, U+329, U+2000-206f, U+20ac, U+2122, U+2191, U+2193, U+2212, U+2215, U+feff, U+fffd",
2026-09-08T22:04:50.2723665Z         "status": "loaded"
2026-09-08T22:04:50.2723840Z       },
2026-09-08T22:04:50.2723977Z       {
2026-09-08T22:04:50.2724133Z         "family": "PT Serif",
2026-09-08T22:04:50.2724313Z         "style": "italic",
2026-09-08T22:04:50.2724485Z         "weight": "700",
2026-09-08T22:04:50.2724861Z         "unicodeRange": "U+0-ff, U+131, U+152-153, U+2bb-2bc, U+2c6, U+2da, U+2dc, U+304, U+308, U+329, U+2000-206f, U+20ac, U+2122, U+2191, U+2193, U+2212, U+2215, U+feff, U+fffd",
2026-09-08T22:04:50.2725261Z         "status": "loaded"
2026-09-08T22:04:50.2725431Z       },
2026-09-08T22:04:50.2725576Z       {
2026-09-08T22:04:50.2725731Z         "family": "KPress Quotes",
2026-09-08T22:04:50.2726110Z         "style": "normal",
2026-09-08T22:04:50.2726294Z         "weight": "normal",
2026-09-08T22:04:50.2726555Z         "unicodeRange": "U+22, U+27, U+2018, U+2019, U+201c, U+201d",
2026-09-08T22:04:50.2726810Z         "status": "loaded"
2026-09-08T22:04:50.2726974Z       },
2026-09-08T22:04:50.2727117Z       {
2026-09-08T22:04:50.2727281Z         "family": "\"Source Sans 3 Variable\"",
2026-09-08T22:04:50.2727488Z         "style": "normal",
2026-09-08T22:04:50.2727668Z         "weight": "200 900",
2026-09-08T22:04:50.2728055Z         "unicodeRange": "U+0-ff, U+131, U+152-153, U+2bb-2bc, U+2c6, U+2da, U+2dc, U+304, U+308, U+329, U+2000-206f, U+20ac, U+2122, U+2191, U+2193, U+2212, U+2215, U+feff, U+fffd",
2026-09-08T22:04:50.2728463Z         "status": "loaded"
2026-09-08T22:04:50.2728624Z       },
2026-09-08T22:04:50.2728760Z       {
2026-09-08T22:04:50.2728924Z         "family": "\"Source Sans 3 Variable\"",
2026-09-08T22:04:50.2729204Z         "style": "italic",
2026-09-08T22:04:50.2729377Z         "weight": "200 900",
2026-09-08T22:04:50.2729765Z         "unicodeRange": "U+0-ff, U+131, U+152-153, U+2bb-2bc, U+2c6, U+2da, U+2dc, U+304, U+308, U+329, U+2000-206f, U+20ac, U+2122, U+2191, U+2193, U+2212, U+2215, U+feff, U+fffd",
2026-09-08T22:04:50.2730164Z         "status": "loaded"
2026-09-08T22:04:50.2730339Z       },
2026-09-08T22:04:50.2730478Z       {
2026-09-08T22:04:50.2730633Z         "family": "Planetaire Mono Text",
2026-09-08T22:04:50.2730839Z         "style": "normal",
2026-09-08T22:04:50.2731005Z         "weight": "400",
2026-09-08T22:04:50.2731382Z         "unicodeRange": "U+0-ff, U+131, U+152-153, U+2bb-2bc, U+2c6, U+2da, U+2dc, U+304, U+308, U+329, U+2000-206f, U+20ac, U+2122, U+2191, U+2193, U+2212, U+2215, U+feff, U+fffd",
2026-09-08T22:04:50.2731967Z         "status": "loaded"
2026-09-08T22:04:50.2732135Z       },
2026-09-08T22:04:50.2732280Z       {
2026-09-08T22:04:50.2732437Z         "family": "Planetaire Mono Text",
2026-09-08T22:04:50.2732645Z         "style": "normal",
2026-09-08T22:04:50.2732827Z         "weight": "700",
2026-09-08T22:04:50.2733207Z         "unicodeRange": "U+0-ff, U+131, U+152-153, U+2bb-2bc, U+2c6, U+2da, U+2dc, U+304, U+308, U+329, U+2000-206f, U+20ac, U+2122, U+2191, U+2193, U+2212, U+2215, U+feff, U+fffd",
2026-09-08T22:04:50.2733620Z         "status": "loading"
2026-09-08T22:04:50.2733790Z       },
2026-09-08T22:04:50.2733930Z       {
2026-09-08T22:04:50.2734099Z         "family": "Planetaire Mono Text",
2026-09-08T22:04:50.2734299Z         "style": "italic",
2026-09-08T22:04:50.2734475Z         "weight": "400",
2026-09-08T22:04:50.2734846Z         "unicodeRange": "U+0-ff, U+131, U+152-153, U+2bb-2bc, U+2c6, U+2da, U+2dc, U+304, U+308, U+329, U+2000-206f, U+20ac, U+2122, U+2191, U+2193, U+2212, U+2215, U+feff, U+fffd",
2026-09-08T22:04:50.2735248Z         "status": "loading"
2026-09-08T22:04:50.2735423Z       },
2026-09-08T22:04:50.2735559Z       {
2026-09-08T22:04:50.2735718Z         "family": "Planetaire Mono Text",
2026-09-08T22:04:50.2735928Z         "style": "italic",
2026-09-08T22:04:50.2736098Z         "weight": "700",
2026-09-08T22:04:50.2736476Z         "unicodeRange": "U+0-ff, U+131, U+152-153, U+2bb-2bc, U+2c6, U+2da, U+2dc, U+304, U+308, U+329, U+2000-206f, U+20ac, U+2122, U+2191, U+2193, U+2212, U+2215, U+feff, U+fffd",
2026-09-08T22:04:50.2736878Z         "status": "loading"
2026-09-08T22:04:50.2737047Z       },
2026-09-08T22:04:50.2737191Z       {
2026-09-08T22:04:50.2737339Z         "family": "KaTeX_AMS",
2026-09-08T22:04:50.2737525Z         "style": "normal",
2026-09-08T22:04:50.2737692Z         "weight": "400",
2026-09-08T22:04:50.2737874Z         "unicodeRange": "U+0-10FFFF",
2026-09-08T22:04:50.2738065Z         "status": "error"
2026-09-08T22:04:50.2738224Z       },
2026-09-08T22:04:50.2738358Z       {
2026-09-08T22:04:50.2738518Z         "family": "KaTeX_Caligraphic",
2026-09-08T22:04:50.2738707Z         "style": "normal",
2026-09-08T22:04:50.2738887Z         "weight": "400",
2026-09-08T22:04:50.2739145Z         "unicodeRange": "U+0-10FFFF",
2026-09-08T22:04:50.2739339Z         "status": "error"
2026-09-08T22:04:50.2739510Z       },
2026-09-08T22:04:50.2739647Z       {
2026-09-08T22:04:50.2739796Z         "family": "KaTeX_Main",
2026-09-08T22:04:50.2739991Z         "style": "normal",
2026-09-08T22:04:50.2740160Z         "weight": "700",
2026-09-08T22:04:50.2740338Z         "unicodeRange": "U+0-10FFFF",
2026-09-08T22:04:50.2740538Z         "status": "error"
2026-09-08T22:04:50.2740699Z       },
2026-09-08T22:04:50.2740842Z       {
2026-09-08T22:04:50.2740989Z         "family": "KaTeX_Main",
2026-09-08T22:04:50.2741175Z         "style": "italic",
2026-09-08T22:04:50.2741353Z         "weight": "400",
2026-09-08T22:04:50.2741527Z         "unicodeRange": "U+0-10FFFF",
2026-09-08T22:04:50.2741883Z         "status": "error"
2026-09-08T22:04:50.2742106Z       },
2026-09-08T22:04:50.2742254Z       {
2026-09-08T22:04:50.2742404Z         "family": "KaTeX_Main",
2026-09-08T22:04:50.2742716Z         "style": "normal",
2026-09-08T22:04:50.2742906Z         "weight": "400",
2026-09-08T22:04:50.2743089Z         "unicodeRange": "U+0-10FFFF",
2026-09-08T22:04:50.2743291Z         "status": "loaded"
2026-09-08T22:04:50.2743457Z       },
2026-09-08T22:04:50.2743602Z       {
2026-09-08T22:04:50.2743762Z         "family": "KaTeX_Math",
2026-09-08T22:04:50.2743941Z         "style": "italic",
2026-09-08T22:04:50.2744109Z         "weight": "400",
2026-09-08T22:04:50.2744294Z         "unicodeRange": "U+0-10FFFF",
2026-09-08T22:04:50.2744481Z         "status": "loaded"
2026-09-08T22:04:50.2744647Z       },
2026-09-08T22:04:50.2744785Z       {
2026-09-08T22:04:50.2744936Z         "family": "KaTeX_Size1",
2026-09-08T22:04:50.2745127Z         "style": "normal",
2026-09-08T22:04:50.2745292Z         "weight": "400",
2026-09-08T22:04:50.2745463Z         "unicodeRange": "U+0-10FFFF",
2026-09-08T22:04:50.2745657Z         "status": "error"
2026-09-08T22:04:50.2745818Z       },
2026-09-08T22:04:50.2745964Z       {
2026-09-08T22:04:50.2746110Z         "family": "KaTeX_Size2",
2026-09-08T22:04:50.2746293Z         "style": "normal",
2026-09-08T22:04:50.2746467Z         "weight": "400",
2026-09-08T22:04:50.2746640Z         "unicodeRange": "U+0-10FFFF",
2026-09-08T22:04:50.2746831Z         "status": "error"
2026-09-08T22:04:50.2746996Z       },
2026-09-08T22:04:50.2747132Z       {
2026-09-08T22:04:50.2747281Z         "family": "KaTeX_Size3",
2026-09-08T22:04:50.2747468Z         "style": "normal",
2026-09-08T22:04:50.2747634Z         "weight": "400",
2026-09-08T22:04:50.2747818Z         "unicodeRange": "U+0-10FFFF",
2026-09-08T22:04:50.2748008Z         "status": "error"
2026-09-08T22:04:50.2748173Z       },
2026-09-08T22:04:50.2748320Z       {
2026-09-08T22:04:50.2748467Z         "family": "KaTeX_Size4",
2026-09-08T22:04:50.2748648Z         "style": "normal",
2026-09-08T22:04:50.2748821Z         "weight": "400",
2026-09-08T22:04:50.2748992Z         "unicodeRange": "U+0-10FFFF",
2026-09-08T22:04:50.2749193Z         "status": "error"
2026-09-08T22:04:50.2749353Z       },
2026-09-08T22:04:50.2749499Z       {
2026-09-08T22:04:50.2749660Z         "family": "KPress Math Text",
2026-09-08T22:04:50.2749848Z         "style": "normal",
2026-09-08T22:04:50.2750015Z         "weight": "400",
2026-09-08T22:04:50.2750215Z         "unicodeRange": "U+30-39, U+41-5a, U+61-7a",
2026-09-08T22:04:50.2750436Z         "status": "loaded"
2026-09-08T22:04:50.2750609Z       },
2026-09-08T22:04:50.2750743Z       {
2026-09-08T22:04:50.2750891Z         "family": "KPress Math Text",
2026-09-08T22:04:50.2751087Z         "style": "normal",
2026-09-08T22:04:50.2751256Z         "weight": "400",
2026-09-08T22:04:50.2751427Z         "unicodeRange": "U+391-3a9",
2026-09-08T22:04:50.2751786Z         "status": "loaded"
2026-09-08T22:04:50.2751990Z       },
2026-09-08T22:04:50.2752153Z       {
2026-09-08T22:04:50.2752346Z         "family": "KPress Math Text",
2026-09-08T22:04:50.2752555Z         "style": "italic",
2026-09-08T22:04:50.2752749Z         "weight": "400",
2026-09-08T22:04:50.2753066Z         "unicodeRange": "U+41-5a, U+61-7a",
2026-09-08T22:04:50.2753293Z         "status": "loaded"
2026-09-08T22:04:50.2753479Z       },
2026-09-08T22:04:50.2753630Z       {
2026-09-08T22:04:50.2753812Z         "family": "KPress Math Text",
2026-09-08T22:04:50.2754064Z         "style": "italic",
2026-09-08T22:04:50.2754276Z         "weight": "400",
2026-09-08T22:04:50.2754510Z         "unicodeRange": "U+370-3ff",
2026-09-08T22:04:50.2754732Z         "status": "loaded"
2026-09-08T22:04:50.2754895Z       },
2026-09-08T22:04:50.2755042Z       {
2026-09-08T22:04:50.2755195Z         "family": "KPress Math Text",
2026-09-08T22:04:50.2755382Z         "style": "normal",
2026-09-08T22:04:50.2755561Z         "weight": "700",
2026-09-08T22:04:50.2755747Z         "unicodeRange": "U+30-39, U+41-5a, U+61-7a",
2026-09-08T22:04:50.2755961Z         "status": "loaded"
2026-09-08T22:04:50.2756121Z       },
2026-09-08T22:04:50.2756258Z       {
2026-09-08T22:04:50.2756428Z         "family": "KPress Math Text",
2026-09-08T22:04:50.2756708Z         "style": "normal",
2026-09-08T22:04:50.2756876Z         "weight": "700",
2026-09-08T22:04:50.2757064Z         "unicodeRange": "U+391-3a9",
2026-09-08T22:04:50.2757266Z         "status": "loading"
2026-09-08T22:04:50.2757445Z       },
2026-09-08T22:04:50.2757586Z       {
2026-09-08T22:04:50.2757741Z         "family": "KPress Math Text Sans",
2026-09-08T22:04:50.2757948Z         "style": "normal",
2026-09-08T22:04:50.2758116Z         "weight": "400",
2026-09-08T22:04:50.2758304Z         "unicodeRange": "U+30-39, U+41-5a, U+61-7a",
2026-09-08T22:04:50.2758520Z         "status": "loaded"
2026-09-08T22:04:50.2758681Z       },
2026-09-08T22:04:50.2758820Z       {
2026-09-08T22:04:50.2758972Z         "family": "KPress Math Text Sans",
2026-09-08T22:04:50.2759164Z         "style": "normal",
2026-09-08T22:04:50.2759339Z         "weight": "400",
2026-09-08T22:04:50.2759510Z         "unicodeRange": "U+391-3a9",
2026-09-08T22:04:50.2759697Z         "status": "loaded"
2026-09-08T22:04:50.2759863Z       },
2026-09-08T22:04:50.2760002Z       {
2026-09-08T22:04:50.2760153Z         "family": "KPress Math Text Sans",
2026-09-08T22:04:50.2760351Z         "style": "italic",
2026-09-08T22:04:50.2760517Z         "weight": "400",
2026-09-08T22:04:50.2760706Z         "unicodeRange": "U+41-5a, U+61-7a",
2026-09-08T22:04:50.2760905Z         "status": "loaded"
2026-09-08T22:04:50.2761071Z       },
2026-09-08T22:04:50.2761212Z       {
2026-09-08T22:04:50.2761366Z         "family": "KPress Math Text Sans",
2026-09-08T22:04:50.2761734Z         "style": "italic",
2026-09-08T22:04:50.2761933Z         "weight": "400",
2026-09-08T22:04:50.2762114Z         "unicodeRange": "U+370-3ff",
2026-09-08T22:04:50.2762315Z         "status": "loaded"
2026-09-08T22:04:50.2762478Z       },
2026-09-08T22:04:50.2762621Z       {
2026-09-08T22:04:50.2762785Z         "family": "KPress Math Text Sans",
2026-09-08T22:04:50.2762977Z         "style": "normal",
2026-09-08T22:04:50.2763142Z         "weight": "650",
2026-09-08T22:04:50.2763351Z         "unicodeRange": "U+30-39, U+41-5a, U+61-7a",
2026-09-08T22:04:50.2763557Z         "status": "loaded"
2026-09-08T22:04:50.2763726Z       },
2026-09-08T22:04:50.2763862Z       {
2026-09-08T22:04:50.2764016Z         "family": "KPress Math Text Sans",
2026-09-08T22:04:50.2764220Z         "style": "normal",
2026-09-08T22:04:50.2764388Z         "weight": "650",
2026-09-08T22:04:50.2764559Z         "unicodeRange": "U+391-3a9",
2026-09-08T22:04:50.2764758Z         "status": "loading"
2026-09-08T22:04:50.2764921Z       },
2026-09-08T22:04:50.2765063Z       {
2026-09-08T22:04:50.2765226Z         "family": "\"Source Sans 3 Variable\"",
2026-09-08T22:04:50.2765429Z         "style": "normal",
2026-09-08T22:04:50.2765607Z         "weight": "200 900",
2026-09-08T22:04:50.2765802Z         "unicodeRange": "U+2192, U+2248, U+2265",
2026-09-08T22:04:50.2766005Z         "status": "loaded"
2026-09-08T22:04:50.2766169Z       }
2026-09-08T22:04:50.2766307Z     ]
2026-09-08T22:04:50.2766455Z   },
2026-09-08T22:04:50.2766596Z   "early_math": null,
2026-09-08T22:04:50.2766854Z   "fallback": "3.81\u00d73.81",
2026-09-08T22:04:50.2767039Z   "readouts": [
2026-09-08T22:04:50.2767200Z     "kslider-19-5: k = 1",
2026-09-08T22:04:50.2767378Z     "kslider-381-100: k = 2",
2026-09-08T22:04:50.2767577Z     "phi-19-5: 0.300^{\\circ}",
2026-09-08T22:04:50.2767760Z     "phi-381-100: 0.400^{\\circ}"
2026-09-08T22:04:50.2767939Z   ],
2026-09-08T22:04:50.2768093Z   "no_javascript": {
2026-09-08T22:04:50.2768256Z     "raw_tex": 5,
2026-09-08T22:04:50.2768420Z     "native_math": 124
2026-09-08T22:04:50.2768580Z   },
2026-09-08T22:04:50.2768719Z   "findings": [
2026-09-08T22:04:50.2768943Z     "native MathML was visible before enhancement: 3.81\u00d73.81",
2026-09-08T22:04:50.2769875Z     "math faces were not ready at first visible paint: KaTeX_AMS normal 400 (error), KaTeX_Caligraphic normal 400 (error), KaTeX_Main normal 700 (error), KaTeX_Main italic 400 (error), KaTeX_Size1 normal 400 (error), KaTeX_Size2 normal 400 (error), KaTeX_Size3 normal 400 (error), KaTeX_Size4 normal 400 (error), KPress Math Text normal 700 (loading), KPress Math Text Sans normal 650 (loading)"
2026-09-08T22:04:50.2770800Z   ]
2026-09-08T22:04:50.2770943Z }
2026-09-08T22:04:50.3043979Z ##[error]Process completed with exit code 1.
2026-09-08T22:04:50.3132172Z Post job cleanup.
2026-09-08T22:04:50.3787002Z [command]/usr/bin/git version
2026-09-08T22:04:50.3818613Z git version 2.55.0
2026-09-08T22:04:50.3840936Z Temporarily overriding HOME='/home/runner/work/_temp/192de96b-305d-4512-af5b-c144dc81ee67' before making global git config changes
2026-09-08T22:04:50.3841509Z Adding repository directory to the temporary git global config as a safe directory
2026-09-08T22:04:50.3844919Z [command]/usr/bin/git config --global --add safe.directory /home/runner/work/squares/squares
2026-09-08T22:04:50.3865015Z Removing SSH command configuration
2026-09-08T22:04:50.3869403Z [command]/usr/bin/git config --local --name-only --get-regexp core\.sshCommand
2026-09-08T22:04:50.3891727Z [command]/usr/bin/git submodule foreach --recursive sh -c "git config --local --name-only --get-regexp 'core\.sshCommand' && git config --local --unset-all 'core.sshCommand' || :"
2026-09-08T22:04:50.4028665Z Entering 'vendor/kpress'
2026-09-08T22:04:50.4063170Z Removing HTTP extra header
2026-09-08T22:04:50.4066337Z [command]/usr/bin/git config --local --name-only --get-regexp http\.https\:\/\/github\.com\/\.extraheader
2026-09-08T22:04:50.4087104Z [command]/usr/bin/git submodule foreach --recursive sh -c "git config --local --name-only --get-regexp 'http\.https\:\/\/github\.com\/\.extraheader' && git config --local --unset-all 'http.https://github.com/.extraheader' || :"
2026-09-08T22:04:50.4217751Z Entering 'vendor/kpress'
2026-09-08T22:04:50.4250509Z Removing includeIf entries pointing to credentials config files
2026-09-08T22:04:50.4254873Z [command]/usr/bin/git config --local --name-only --get-regexp ^includeIf\.gitdir:
2026-09-08T22:04:50.4274259Z [command]/usr/bin/git submodule foreach --recursive git config --local --show-origin --name-only --get-regexp remote.origin.url
2026-09-08T22:04:50.4405040Z Entering 'vendor/kpress'
2026-09-08T22:04:50.4417237Z file:/home/runner/work/squares/squares/.git/modules/vendor/kpress/config	remote.origin.url
2026-09-08T22:04:50.4436560Z [command]/usr/bin/git config --file /home/runner/work/squares/squares/.git/modules/vendor/kpress/config --name-only --get-regexp ^includeIf\.gitdir:
2026-09-08T22:04:50.4552893Z Cleaning up orphan processes
2026-09-08T22:04:50.4729927Z ##[warning]Node.js 20 is deprecated. The following actions target Node.js 20 but are being forced to run on Node.js 24: actions/cache@0400d5f644dc74513175e3cd8d07132dd4860809. For more information see: https://github.blog/changelog/2025-09-19-deprecation-of-node-20-on-github-actions-runners/
